year,station_id,day,ice_jam
2001,3019,0,0.0
2001,3019,1,0.0
2001,3019,2,0.0
2001,3019,3,0.0
2001,3019,4,0.0
2001,3019,5,0.0
2001,3019,6,0.0
2001,3019,7,0.0
2001,3019,8,0.0
2001,3019,9,0.0
2001,3019,10,0.0
2001,3019,11,0.0
2001,3019,12,0.0
2001,3019,13,0.0
2001,3019,14,0.0
2001,3019,15,0.0
2001,3019,16,0.0
2001,3019,17,0.0
2001,3019,18,0.0
2001,3019,19,0.0
2001,3019,20,0.0
2001,3019,21,0.0
2001,3019,22,0.0
2001,3019,23,0.0
2001,3019,24,0.0
2001,3019,25,0.0
2001,3019,26,0.0
2001,3019,27,0.0
2001,3019,28,0.0
2001,3019,29,0.0
2001,3019,30,0.0
2001,3019,31,0.0
2001,3019,32,0.0
2001,3019,33,0.0
2001,3019,34,0.0
2001,3019,35,0.0
2001,3019,36,0.0
2001,3019,37,0.0
2001,3019,38,0.0
2001,3019,39,0.0
2001,3019,40,0.0
2001,3019,41,0.0
2001,3019,42,0.0
2001,3019,43,0.0
2003,3019,0,0.0
2003,3019,1,0.0
2003,3019,2,0.0
2003,3019,3,0.0
2003,3019,4,0.0
2003,3019,5,0.0
2003,3019,6,0.0
2003,3019,7,0.0
2003,3019,8,0.0
2003,3019,9,0.0
2003,3019,10,0.0
2003,3019,11,0.0
2003,3019,12,0.0
2003,3019,13,0.0
2003,3019,14,0.0
2003,3019,15,0.0
2003,3019,16,0.0
2003,3019,17,0.0
2003,3019,18,0.0
2003,3019,19,0.0
2003,3019,20,0.0
2003,3019,21,0.0
2003,3019,22,0.0
2003,3019,23,0.0
2003,3019,24,0.0
2003,3019,25,0.0
2003,3019,26,0.0
2003,3019,27,0.0
2003,3019,28,0.0
2003,3019,29,0.0
2003,3019,30,0.0
2003,3019,31,0.0
2003,3019,32,0.0
2003,3019,33,0.0
2003,3019,34,0.0
2003,3019,35,0.0
2003,3019,36,0.0
2003,3019,37,0.0
2003,3019,38,0.0
2003,3019,39,0.0
2003,3019,40,0.0
2003,3019,41,0.0
2003,3019,42,0.0
2003,3019,43,0.0
2005,3019,0,0.0
2005,3019,1,0.0
2005,3019,2,0.0
2005,3019,3,0.0
2005,3019,4,0.0
2005,3019,5,0.0
2005,3019,6,0.0
2005,3019,7,0.0
2005,3019,8,0.0
2005,3019,9,0.0
2005,3019,10,0.0
2005,3019,11,0.0
2005,3019,12,0.0
2005,3019,13,0.0
2005,3019,14,0.0
2005,3019,15,0.0
2005,3019,16,0.0
2005,3019,17,0.0
2005,3019,18,0.0
2005,3019,19,0.0
2005,3019,20,0.0
2005,3019,21,0.0
2005,3019,22,0.0
2005,3019,23,0.0
2005,3019,24,0.0
2005,3019,25,0.0
2005,3019,26,0.0
2005,3019,27,0.0
2005,3019,28,0.0
2005,3019,29,0.0
2005,3019,30,0.0
2005,3019,31,0.0
2005,3019,32,0.0
2005,3019,33,0.0
2005,3019,34,0.0
2005,3019,35,0.0
2005,3019,36,0.0
2005,3019,37,0.0
2005,3019,38,0.0
2005,3019,39,0.0
2005,3019,40,0.0
2005,3019,41,0.0
2005,3019,42,0.0
2005,3019,43,0.0
2012,3019,1,0.0
2012,3019,2,0.0
2012,3019,3,0.0
2012,3019,4,0.0
2012,3019,5,0.0
2012,3019,6,0.0
2012,3019,7,0.0
2012,3019,8,0.0
2012,3019,9,0.0
2012,3019,10,0.0
2012,3019,11,0.0
2012,3019,12,0.0
2012,3019,13,0.0
2012,3019,14,0.0
2012,3019,15,0.0
2012,3019,16,0.0
2012,3019,17,0.0
2012,3019,18,0.0
2012,3019,19,0.0
2012,3019,20,0.0
2012,3019,21,0.0
2012,3019,22,0.0
2012,3019,23,0.0
2012,3019,24,0.0
2012,3019,25,0.0
2012,3019,26,0.0
2012,3019,27,0.0
2012,3019,28,0.0
2012,3019,29,0.0
2012,3019,30,0.0
2012,3019,31,0.0
2012,3019,32,0.0
2012,3019,33,0.0
2012,3019,34,0.0
2012,3019,35,0.0
2012,3019,36,0.0
2012,3019,37,0.0
2012,3019,38,0.0
2012,3019,39,0.0
2012,3019,40,0.0
2012,3019,41,0.0
2012,3019,42,0.0
2012,3019,43,0.0
2012,3019,44,0.0
2013,3019,0,0.0
2013,3019,1,0.0
2013,3019,2,0.0
2013,3019,3,0.0
2013,3019,4,0.0
2013,3019,5,0.0
2013,3019,6,0.0
2013,3019,7,0.0
2013,3019,8,0.0
2013,3019,9,0.0
2013,3019,10,0.0
2013,3019,11,0.0
2013,3019,12,0.0
2013,3019,13,0.0
2013,3019,14,0.0
2013,3019,15,0.0
2013,3019,16,0.0
2013,3019,17,0.0
2013,3019,18,0.0
2013,3019,19,0.0
2013,3019,20,0.0
2013,3019,21,0.0
2013,3019,22,0.0
2013,3019,23,0.0
2013,3019,24,0.0
2013,3019,25,0.0
2013,3019,26,0.0
2013,3019,27,0.0
2013,3019,28,0.0
2013,3019,29,0.0
2013,3019,30,0.0
2013,3019,31,0.0
2013,3019,32,0.0
2013,3019,33,0.0
2013,3019,34,0.0
2013,3019,35,0.0
2013,3019,36,0.0
2013,3019,37,0.0
2013,3019,38,0.0
2013,3019,39,0.0
2013,3019,40,0.0
2013,3019,41,0.0
2013,3019,42,0.0
2013,3019,43,0.0
1989,3019,0,0.0
1989,3019,1,0.0
1989,3019,2,0.0
1989,3019,3,0.0
1989,3019,4,0.0
1989,3019,5,0.0
1989,3019,6,0.0
1989,3019,7,0.0
1989,3019,8,0.0
1989,3019,9,0.0
1989,3019,10,0.0
1989,3019,11,0.0
1989,3019,12,0.0
1989,3019,13,0.0
1989,3019,14,0.0
1989,3019,15,0.0
1989,3019,16,0.0
1989,3019,17,0.0
1989,3019,18,0.0
1989,3019,19,0.0
1989,3019,20,0.0
1989,3019,21,0.0
1989,3019,22,0.0
1989,3019,23,0.0
1989,3019,24,0.0
1989,3019,25,0.0
1989,3019,26,0.0
1989,3019,27,0.0
1989,3019,28,0.0
1989,3019,29,0.0
1989,3019,30,0.0
1989,3019,31,0.0
1989,3019,32,0.0
1989,3019,33,0.0
1989,3019,34,0.0
1989,3019,35,0.0
1989,3019,36,0.0
1989,3019,37,0.0
1989,3019,38,0.0
1989,3019,39,0.0
1989,3019,40,0.0
1989,3019,41,0.0
1989,3019,42,0.0
1989,3019,43,0.0
1993,3019,0,0.0
1993,3019,1,0.0
1993,3019,2,0.0
1993,3019,3,0.0
1993,3019,4,0.0
1993,3019,5,0.0
1993,3019,6,0.0
1993,3019,7,0.0
1993,3019,8,0.0
1993,3019,9,0.0
1993,3019,10,0.0
1993,3019,11,0.0
1993,3019,12,0.0
1993,3019,13,0.0
1993,3019,14,0.0
1993,3019,15,0.0
1993,3019,16,0.0
1993,3019,17,0.0
1993,3019,18,0.0
1993,3019,19,0.0
1993,3019,20,0.0
1993,3019,21,0.0
1993,3019,22,0.0
1993,3019,23,0.0
1993,3019,24,0.0
1993,3019,25,0.0
1993,3019,26,0.0
1993,3019,27,0.0
1993,3019,28,0.0
1993,3019,29,0.0
1993,3019,30,0.0
1993,3019,31,0.0
1993,3019,32,0.0
1993,3019,33,0.0
1993,3019,34,0.0
1993,3019,35,0.0
1993,3019,36,0.0
1993,3019,37,0.0
1993,3019,38,0.0
1993,3019,39,0.0
1993,3019,40,0.0
1993,3019,41,0.0
1993,3019,42,0.0
1993,3019,43,0.0
1997,3019,0,0.0
1997,3019,1,0.0
1997,3019,2,0.0
1997,3019,3,0.0
1997,3019,4,0.0
1997,3019,5,0.0
1997,3019,6,0.0
1997,3019,7,0.0
1997,3019,8,0.0
1997,3019,9,0.0
1997,3019,10,0.0
1997,3019,11,0.0
1997,3019,12,0.0
1997,3019,13,0.0
1997,3019,14,0.0
1997,3019,15,0.0
1997,3019,16,0.0
1997,3019,17,0.0
1997,3019,18,0.0
1997,3019,19,0.0
1997,3019,20,0.0
1997,3019,21,0.0
1997,3019,22,0.0
1997,3019,23,0.0
1997,3019,24,0.0
1997,3019,25,0.0
1997,3019,26,0.0
1997,3019,27,0.0
1997,3019,28,0.0
1997,3019,29,0.0
1997,3019,30,0.0
1997,3019,31,0.0
1997,3019,32,0.0
1997,3019,33,0.0
1997,3019,34,0.0
1997,3019,35,0.0
1997,3019,36,0.0
1997,3019,37,0.0
1997,3019,38,0.0
1997,3019,39,0.0
1997,3019,40,0.0
1997,3019,41,0.0
1997,3019,42,0.0
1997,3019,43,0.0
2001,3041,0,0.0
2001,3041,1,0.0
2001,3041,2,0.0
2001,3041,3,0.0
2001,3041,4,0.0
2001,3041,5,0.0
2001,3041,6,0.0
2001,3041,7,0.0
2001,3041,8,0.0
2001,3041,9,0.0
2001,3041,10,0.0
2001,3041,11,0.0
2001,3041,12,0.0
2001,3041,13,0.0
2001,3041,14,0.0
2001,3041,15,0.0
2001,3041,16,0.0
2001,3041,17,0.0
2001,3041,18,0.0
2001,3041,19,0.0
2001,3041,20,0.0
2001,3041,21,0.0
2001,3041,22,0.0
2001,3041,23,0.0
2001,3041,24,0.0
2001,3041,25,0.0
2001,3041,26,0.0
2001,3041,27,0.0
2001,3041,28,0.0
2001,3041,29,0.0
2001,3041,30,0.0
2001,3041,31,0.0
2001,3041,32,0.0
2001,3041,33,0.0
2001,3041,34,0.0
2001,3041,35,0.0
2001,3041,36,0.0
2001,3041,37,0.0
2001,3041,38,0.0
2001,3041,39,0.0
2001,3041,40,0.0
2001,3041,41,0.0
2001,3041,42,0.0
2001,3041,43,0.0
2003,3041,0,0.0
2003,3041,1,0.0
2003,3041,2,0.0
2003,3041,3,0.0
2003,3041,4,0.0
2003,3041,5,0.0
2003,3041,6,0.0
2003,3041,7,0.0
2003,3041,8,0.0
2003,3041,9,0.0
2003,3041,10,0.0
2003,3041,11,0.0
2003,3041,12,0.0
2003,3041,13,0.0
2003,3041,14,0.0
2003,3041,15,0.0
2003,3041,16,0.0
2003,3041,17,0.0
2003,3041,18,0.0
2003,3041,19,0.0
2003,3041,20,0.0
2003,3041,21,0.0
2003,3041,22,0.0
2003,3041,23,0.0
2003,3041,24,0.0
2003,3041,25,0.0
2003,3041,26,0.0
2003,3041,27,0.0
2003,3041,28,0.0
2003,3041,29,0.0
2003,3041,30,0.0
2003,3041,31,0.0
2003,3041,32,0.0
2003,3041,33,0.0
2003,3041,34,0.0
2003,3041,35,0.0
2003,3041,36,0.0
2003,3041,37,0.0
2003,3041,38,0.0
2003,3041,39,0.0
2003,3041,40,0.0
2003,3041,41,0.0
2003,3041,42,0.0
2003,3041,43,0.0
2004,3041,1,0.0
2004,3041,2,0.0
2004,3041,3,0.0
2004,3041,4,0.0
2004,3041,5,0.0
2004,3041,6,0.0
2004,3041,7,0.0
2004,3041,8,0.0
2004,3041,9,0.0
2004,3041,10,0.0
2004,3041,11,0.0
2004,3041,12,0.0
2004,3041,13,0.0
2004,3041,14,0.0
2004,3041,15,0.0
2004,3041,16,0.0
2004,3041,17,0.0
2004,3041,18,0.0
2004,3041,19,0.0
2004,3041,20,0.0
2004,3041,21,0.0
2004,3041,22,0.0
2004,3041,23,0.0
2004,3041,24,0.0
2004,3041,25,0.0
2004,3041,26,0.0
2004,3041,27,0.0
2004,3041,28,0.0
2004,3041,29,0.0
2004,3041,30,0.0
2004,3041,31,0.0
2004,3041,32,0.0
2004,3041,33,0.0
2004,3041,34,0.0
2004,3041,35,0.0
2004,3041,36,0.0
2004,3041,37,0.0
2004,3041,38,0.0
2004,3041,39,0.0
2004,3041,40,0.0
2004,3041,41,0.0
2004,3041,42,0.0
2004,3041,43,0.0
2004,3041,44,0.0
2005,3041,0,0.0
2005,3041,1,0.0
2005,3041,2,0.0
2005,3041,3,0.0
2005,3041,4,0.0
2005,3041,5,0.0
2005,3041,6,0.0
2005,3041,7,0.0
2005,3041,8,0.0
2005,3041,9,0.0
2005,3041,10,0.0
2005,3041,11,0.0
2005,3041,12,0.0
2005,3041,13,0.0
2005,3041,14,0.0
2005,3041,15,0.0
2005,3041,16,0.0
2005,3041,17,0.0
2005,3041,18,0.0
2005,3041,19,0.0
2005,3041,20,0.0
2005,3041,21,0.0
2005,3041,22,0.0
2005,3041,23,0.0
2005,3041,24,0.0
2005,3041,25,0.0
2005,3041,26,0.0
2005,3041,27,0.0
2005,3041,28,0.0
2005,3041,29,0.0
2005,3041,30,0.0
2005,3041,31,0.0
2005,3041,32,0.0
2005,3041,33,0.0
2005,3041,34,0.0
2005,3041,35,0.0
2005,3041,36,0.0
2005,3041,37,0.0
2005,3041,38,0.0
2005,3041,39,0.0
2005,3041,40,0.0
2005,3041,41,0.0
2005,3041,42,0.0
2005,3041,43,0.0
2012,3041,1,0.0
2012,3041,2,0.0
2012,3041,3,0.0
2012,3041,4,0.0
2012,3041,5,0.0
2012,3041,6,0.0
2012,3041,7,0.0
2012,3041,8,0.0
2012,3041,9,0.0
2012,3041,10,0.0
2012,3041,11,0.0
2012,3041,12,0.0
2012,3041,13,0.0
2012,3041,14,0.0
2012,3041,15,0.0
2012,3041,16,0.0
2012,3041,17,0.0
2012,3041,18,0.0
2012,3041,19,0.0
2012,3041,20,0.0
2012,3041,21,0.0
2012,3041,22,0.0
2012,3041,23,0.0
2012,3041,24,0.0
2012,3041,25,0.0
2012,3041,26,0.0
2012,3041,27,0.0
2012,3041,28,0.0
2012,3041,29,0.0
2012,3041,30,0.0
2012,3041,31,0.0
2012,3041,32,0.0
2012,3041,33,0.0
2012,3041,34,0.0
2012,3041,35,0.0
2012,3041,36,0.0
2012,3041,37,0.0
2012,3041,38,0.0
2012,3041,39,0.0
2012,3041,40,0.0
2012,3041,41,0.0
2012,3041,42,0.0
2012,3041,43,0.0
2012,3041,44,0.0
2013,3041,0,0.0
2013,3041,1,0.0
2013,3041,2,0.0
2013,3041,3,0.0
2013,3041,4,0.0
2013,3041,5,0.0
2013,3041,6,0.0
2013,3041,7,0.0
2013,3041,8,0.0
2013,3041,9,0.0
2013,3041,10,0.0
2013,3041,11,0.0
2013,3041,12,0.0
2013,3041,13,0.0
2013,3041,14,0.0
2013,3041,15,0.0
2013,3041,16,0.0
2013,3041,17,0.0
2013,3041,18,0.0
2013,3041,19,0.0
2013,3041,20,0.0
2013,3041,21,0.0
2013,3041,22,0.0
2013,3041,23,0.0
2013,3041,24,0.0
2013,3041,25,0.0
2013,3041,26,0.0
2013,3041,27,0.0
2013,3041,28,0.0
2013,3041,29,0.0
2013,3041,30,0.0
2013,3041,31,0.0
2013,3041,32,0.0
2013,3041,33,0.0
2013,3041,34,0.0
2013,3041,35,0.0
2013,3041,36,0.0
2013,3041,37,0.0
2013,3041,38,0.0
2013,3041,39,0.0
2013,3041,40,0.0
2013,3041,41,0.0
2013,3041,42,0.0
2013,3041,43,0.0
1989,3041,0,0.0
1989,3041,1,0.0
1989,3041,2,0.0
1989,3041,3,0.0
1989,3041,4,0.0
1989,3041,5,0.0
1989,3041,6,0.0
1989,3041,7,0.0
1989,3041,8,0.0
1989,3041,9,0.0
1989,3041,10,0.0
1989,3041,11,0.0
1989,3041,12,0.0
1989,3041,13,0.0
1989,3041,14,0.0
1989,3041,15,0.0
1989,3041,16,0.0
1989,3041,17,0.0
1989,3041,18,0.0
1989,3041,19,0.0
1989,3041,20,0.0
1989,3041,21,0.0
1989,3041,22,0.0
1989,3041,23,0.0
1989,3041,24,0.0
1989,3041,25,0.0
1989,3041,26,0.0
1989,3041,27,0.0
1989,3041,28,0.0
1989,3041,29,0.0
1989,3041,30,0.0
1989,3041,31,0.0
1989,3041,32,0.0
1989,3041,33,0.0
1989,3041,34,0.0
1989,3041,35,0.0
1989,3041,36,0.0
1989,3041,37,0.0
1989,3041,38,0.0
1989,3041,39,0.0
1989,3041,40,0.0
1989,3041,41,0.0
1989,3041,42,0.0
1989,3041,43,0.0
1993,3041,0,0.0
1993,3041,1,0.0
1993,3041,2,0.0
1993,3041,3,0.0
1993,3041,4,0.0
1993,3041,5,0.0
1993,3041,6,0.0
1993,3041,7,0.0
1993,3041,8,0.0
1993,3041,9,0.0
1993,3041,10,0.0
1993,3041,11,0.0
1993,3041,12,0.0
1993,3041,13,0.0
1993,3041,14,0.0
1993,3041,15,0.0
1993,3041,16,0.0
1993,3041,17,0.0
1993,3041,18,0.0
1993,3041,19,0.0
1993,3041,20,0.0
1993,3041,21,0.0
1993,3041,22,0.0
1993,3041,23,0.0
1993,3041,24,0.0
1993,3041,25,0.0
1993,3041,26,0.0
1993,3041,27,0.0
1993,3041,28,0.0
1993,3041,29,0.0
1993,3041,30,0.0
1993,3041,31,0.0
1993,3041,32,0.0
1993,3041,33,0.0
1993,3041,34,0.0
1993,3041,35,0.0
1993,3041,36,0.0
1993,3041,37,0.0
1993,3041,38,0.0
1993,3041,39,0.0
1993,3041,40,0.0
1993,3041,41,0.0
1993,3041,42,0.0
1993,3041,43,0.0
1997,3041,0,0.0
1997,3041,1,0.0
1997,3041,2,0.0
1997,3041,3,0.0
1997,3041,4,0.0
1997,3041,5,0.0
1997,3041,6,0.0
1997,3041,7,0.0
1997,3041,8,0.0
1997,3041,9,0.0
1997,3041,10,0.0
1997,3041,11,0.0
1997,3041,12,0.0
1997,3041,13,0.0
1997,3041,14,0.0
1997,3041,15,0.0
1997,3041,16,0.0
1997,3041,17,0.0
1997,3041,18,0.0
1997,3041,19,0.0
1997,3041,20,0.0
1997,3041,21,0.0
1997,3041,22,0.0
1997,3041,23,0.0
1997,3041,24,0.0
1997,3041,25,0.0
1997,3041,26,0.0
1997,3041,27,0.0
1997,3041,28,0.0
1997,3041,29,0.0
1997,3041,30,0.0
1997,3041,31,0.0
1997,3041,32,0.0
1997,3041,33,0.0
1997,3041,34,0.0
1997,3041,35,0.0
1997,3041,36,0.0
1997,3041,37,0.0
1997,3041,38,0.0
1997,3041,39,0.0
1997,3041,40,0.0
1997,3041,41,0.0
1997,3041,42,0.0
1997,3041,43,0.0
2001,3030,0,0.0
2001,3030,1,0.0
2001,3030,2,0.0
2001,3030,3,0.0
2001,3030,4,0.0
2001,3030,5,0.0
2001,3030,6,0.0
2001,3030,7,0.0
2001,3030,8,0.0
2001,3030,9,0.0
2001,3030,10,0.0
2001,3030,11,0.0
2001,3030,12,0.0
2001,3030,13,0.0
2001,3030,14,0.0
2001,3030,15,0.0
2001,3030,16,0.0
2001,3030,17,0.0
2001,3030,18,0.0
2001,3030,19,0.0
2001,3030,20,1.0
2001,3030,21,1.0
2001,3030,22,1.0
2001,3030,23,1.0
2001,3030,24,1.0
2001,3030,25,1.0
2001,3030,26,1.0
2001,3030,27,1.0
2001,3030,28,1.0
2001,3030,29,1.0
2001,3030,30,0.0
2001,3030,31,0.0
2001,3030,32,0.0
2001,3030,33,0.0
2001,3030,34,0.0
2001,3030,35,0.0
2001,3030,36,0.0
2001,3030,37,0.0
2001,3030,38,0.0
2001,3030,39,0.0
2001,3030,40,0.0
2001,3030,41,0.0
2001,3030,42,0.0
2001,3030,43,0.0
2003,3030,0,0.0
2003,3030,1,0.0
2003,3030,2,0.0
2003,3030,3,0.0
2003,3030,4,0.0
2003,3030,5,0.0
2003,3030,6,0.0
2003,3030,7,0.0
2003,3030,8,0.0
2003,3030,9,0.0
2003,3030,10,0.0
2003,3030,11,0.0
2003,3030,12,0.0
2003,3030,13,0.0
2003,3030,14,0.0
2003,3030,15,0.0
2003,3030,16,0.0
2003,3030,17,0.0
2003,3030,18,0.0
2003,3030,19,0.0
2003,3030,20,1.0
2003,3030,21,1.0
2003,3030,22,1.0
2003,3030,23,1.0
2003,3030,24,1.0
2003,3030,25,1.0
2003,3030,26,1.0
2003,3030,27,0.0
2003,3030,28,0.0
2003,3030,29,0.0
2003,3030,30,1.0
2003,3030,31,0.0
2003,3030,32,0.0
2003,3030,33,0.0
2003,3030,34,0.0
2003,3030,35,0.0
2003,3030,36,0.0
2003,3030,37,0.0
2003,3030,38,0.0
2003,3030,39,0.0
2003,3030,40,0.0
2003,3030,41,0.0
2003,3030,42,0.0
2003,3030,43,0.0
2004,3030,1,0.0
2004,3030,2,0.0
2004,3030,3,0.0
2004,3030,4,0.0
2004,3030,5,0.0
2004,3030,6,0.0
2004,3030,7,0.0
2004,3030,8,0.0
2004,3030,9,0.0
2004,3030,10,0.0
2004,3030,11,0.0
2004,3030,12,0.0
2004,3030,13,0.0
2004,3030,14,0.0
2004,3030,15,0.0
2004,3030,16,0.0
2004,3030,17,0.0
2004,3030,18,0.0
2004,3030,19,0.0
2004,3030,20,1.0
2004,3030,21,1.0
2004,3030,22,1.0
2004,3030,23,1.0
2004,3030,24,1.0
2004,3030,25,1.0
2004,3030,26,1.0
2004,3030,27,0.0
2004,3030,28,0.0
2004,3030,29,0.0
2004,3030,30,0.0
2004,3030,31,0.0
2004,3030,32,0.0
2004,3030,33,0.0
2004,3030,34,0.0
2004,3030,35,0.0
2004,3030,36,0.0
2004,3030,37,0.0
2004,3030,38,0.0
2004,3030,39,0.0
2004,3030,40,0.0
2004,3030,41,0.0
2004,3030,42,0.0
2004,3030,43,0.0
2004,3030,44,0.0
2005,3030,0,0.0
2005,3030,1,0.0
2005,3030,2,0.0
2005,3030,3,0.0
2005,3030,4,0.0
2005,3030,5,0.0
2005,3030,6,0.0
2005,3030,7,0.0
2005,3030,8,0.0
2005,3030,9,0.0
2005,3030,10,0.0
2005,3030,11,0.0
2005,3030,12,0.0
2005,3030,13,0.0
2005,3030,14,0.0
2005,3030,15,0.0
2005,3030,16,0.0
2005,3030,17,0.0
2005,3030,18,0.0
2005,3030,19,0.0
2005,3030,20,0.0
2005,3030,21,0.0
2005,3030,22,0.0
2005,3030,23,0.0
2005,3030,24,0.0
2005,3030,25,0.0
2005,3030,26,0.0
2005,3030,27,0.0
2005,3030,28,0.0
2005,3030,29,0.0
2005,3030,30,0.0
2005,3030,31,0.0
2005,3030,32,0.0
2005,3030,33,0.0
2005,3030,34,0.0
2005,3030,35,0.0
2005,3030,36,0.0
2005,3030,37,0.0
2005,3030,38,0.0
2005,3030,39,0.0
2005,3030,40,0.0
2005,3030,41,0.0
2005,3030,42,0.0
2005,3030,43,0.0
2012,3030,1,0.0
2012,3030,2,0.0
2012,3030,3,0.0
2012,3030,4,0.0
2012,3030,5,0.0
2012,3030,6,0.0
2012,3030,7,0.0
2012,3030,8,0.0
2012,3030,9,0.0
2012,3030,10,0.0
2012,3030,11,0.0
2012,3030,12,0.0
2012,3030,13,0.0
2012,3030,14,0.0
2012,3030,15,0.0
2012,3030,16,0.0
2012,3030,17,0.0
2012,3030,18,0.0
2012,3030,19,0.0
2012,3030,20,0.0
2012,3030,21,0.0
2012,3030,22,0.0
2012,3030,23,0.0
2012,3030,24,0.0
2012,3030,25,0.0
2012,3030,26,0.0
2012,3030,27,0.0
2012,3030,28,0.0
2012,3030,29,0.0
2012,3030,30,0.0
2012,3030,31,0.0
2012,3030,32,0.0
2012,3030,33,0.0
2012,3030,34,0.0
2012,3030,35,0.0
2012,3030,36,0.0
2012,3030,37,0.0
2012,3030,38,0.0
2012,3030,39,0.0
2012,3030,40,0.0
2012,3030,41,0.0
2012,3030,42,0.0
2012,3030,43,0.0
2012,3030,44,0.0
2013,3030,0,0.0
2013,3030,1,0.0
2013,3030,2,0.0
2013,3030,3,0.0
2013,3030,4,0.0
2013,3030,5,0.0
2013,3030,6,0.0
2013,3030,7,0.0
2013,3030,8,0.0
2013,3030,9,0.0
2013,3030,10,0.0
2013,3030,11,0.0
2013,3030,12,0.0
2013,3030,13,0.0
2013,3030,14,0.0
2013,3030,15,0.0
2013,3030,16,0.0
2013,3030,17,0.0
2013,3030,18,0.0
2013,3030,19,0.0
2013,3030,20,0.0
2013,3030,21,0.0
2013,3030,22,0.0
2013,3030,23,0.0
2013,3030,24,0.0
2013,3030,25,0.0
2013,3030,26,0.0
2013,3030,27,0.0
2013,3030,28,0.0
2013,3030,29,0.0
2013,3030,30,0.0
2013,3030,31,0.0
2013,3030,32,0.0
2013,3030,33,0.0
2013,3030,34,0.0
2013,3030,35,0.0
2013,3030,36,0.0
2013,3030,37,0.0
2013,3030,38,0.0
2013,3030,39,0.0
2013,3030,40,0.0
2013,3030,41,0.0
2013,3030,42,0.0
2013,3030,43,0.0
1989,3030,0,0.0
1989,3030,1,0.0
1989,3030,2,0.0
1989,3030,3,0.0
1989,3030,4,0.0
1989,3030,5,0.0
1989,3030,6,0.0
1989,3030,7,0.0
1989,3030,8,0.0
1989,3030,9,0.0
1989,3030,10,0.0
1989,3030,11,0.0
1989,3030,12,0.0
1989,3030,13,0.0
1989,3030,14,0.0
1989,3030,15,0.0
1989,3030,16,0.0
1989,3030,17,0.0
1989,3030,18,0.0
1989,3030,19,0.0
1989,3030,20,1.0
1989,3030,21,1.0
1989,3030,22,1.0
1989,3030,23,1.0
1989,3030,24,1.0
1989,3030,25,1.0
1989,3030,26,1.0
1989,3030,27,1.0
1989,3030,28,1.0
1989,3030,29,0.0
1989,3030,30,0.0
1989,3030,31,0.0
1989,3030,32,0.0
1989,3030,33,0.0
1989,3030,34,0.0
1989,3030,35,0.0
1989,3030,36,0.0
1989,3030,37,0.0
1989,3030,38,0.0
1989,3030,39,0.0
1989,3030,40,0.0
1989,3030,41,0.0
1989,3030,42,0.0
1989,3030,43,0.0
1993,3030,0,0.0
1993,3030,1,0.0
1993,3030,2,0.0
1993,3030,3,0.0
1993,3030,4,0.0
1993,3030,5,0.0
1993,3030,6,0.0
1993,3030,7,0.0
1993,3030,8,0.0
1993,3030,9,0.0
1993,3030,10,0.0
1993,3030,11,0.0
1993,3030,12,0.0
1993,3030,13,0.0
1993,3030,14,0.0
1993,3030,15,0.0
1993,3030,16,0.0
1993,3030,17,0.0
1993,3030,18,0.0
1993,3030,19,0.0
1993,3030,20,0.0
1993,3030,21,1.0
1993,3030,22,1.0
1993,3030,23,1.0
1993,3030,24,0.0
1993,3030,25,0.0
1993,3030,26,1.0
1993,3030,27,1.0
1993,3030,28,1.0
1993,3030,29,1.0
1993,3030,30,0.0
1993,3030,31,0.0
1993,3030,32,0.0
1993,3030,33,0.0
1993,3030,34,0.0
1993,3030,35,0.0
1993,3030,36,0.0
1993,3030,37,0.0
1993,3030,38,0.0
1993,3030,39,0.0
1993,3030,40,0.0
1993,3030,41,0.0
1993,3030,42,0.0
1993,3030,43,0.0
1997,3030,0,0.0
1997,3030,1,0.0
1997,3030,2,0.0
1997,3030,3,0.0
1997,3030,4,0.0
1997,3030,5,0.0
1997,3030,6,0.0
1997,3030,7,0.0
1997,3030,8,0.0
1997,3030,9,0.0
1997,3030,10,0.0
1997,3030,11,0.0
1997,3030,12,0.0
1997,3030,13,0.0
1997,3030,14,0.0
1997,3030,15,0.0
1997,3030,16,0.0
1997,3030,17,0.0
1997,3030,18,0.0
1997,3030,19,0.0
1997,3030,20,0.0
1997,3030,21,0.0
1997,3030,22,0.0
1997,3030,23,0.0
1997,3030,24,0.0
1997,3030,25,0.0
1997,3030,26,0.0
1997,3030,27,0.0
1997,3030,28,0.0
1997,3030,29,0.0
1997,3030,30,0.0
1997,3030,31,0.0
1997,3030,32,0.0
1997,3030,33,0.0
1997,3030,34,0.0
1997,3030,35,0.0
1997,3030,36,0.0
1997,3030,37,0.0
1997,3030,38,0.0
1997,3030,39,0.0
1997,3030,40,0.0
1997,3030,41,0.0
1997,3030,42,0.0
1997,3030,43,0.0
2001,3230,0,0.0
2001,3230,1,0.0
2001,3230,2,0.0
2001,3230,3,0.0
2001,3230,4,0.0
2001,3230,5,0.0
2001,3230,6,0.0
2001,3230,7,0.0
2001,3230,8,0.0
2001,3230,9,0.0
2001,3230,10,0.0
2001,3230,11,0.0
2001,3230,12,0.0
2001,3230,13,0.0
2001,3230,14,0.0
2001,3230,15,0.0
2001,3230,16,0.0
2001,3230,17,0.0
2001,3230,18,0.0
2001,3230,19,0.0
2001,3230,20,0.0
2001,3230,21,0.0
2001,3230,22,0.0
2001,3230,23,0.0
2001,3230,24,0.0
2001,3230,25,0.0
2001,3230,26,0.0
2001,3230,27,0.0
2001,3230,28,0.0
2001,3230,29,0.0
2001,3230,30,0.0
2001,3230,31,0.0
2001,3230,32,0.0
2001,3230,33,0.0
2001,3230,34,0.0
2001,3230,35,0.0
2001,3230,36,0.0
2001,3230,37,0.0
2001,3230,38,0.0
2001,3230,39,0.0
2001,3230,40,0.0
2001,3230,41,0.0
2001,3230,42,0.0
2001,3230,43,0.0
2003,3230,0,0.0
2003,3230,1,0.0
2003,3230,2,0.0
2003,3230,3,0.0
2003,3230,4,0.0
2003,3230,5,0.0
2003,3230,6,0.0
2003,3230,7,0.0
2003,3230,8,0.0
2003,3230,9,0.0
2003,3230,10,0.0
2003,3230,11,0.0
2003,3230,12,0.0
2003,3230,13,0.0
2003,3230,14,0.0
2003,3230,15,0.0
2003,3230,16,0.0
2003,3230,17,0.0
2003,3230,18,0.0
2003,3230,19,0.0
2003,3230,20,0.0
2003,3230,21,0.0
2003,3230,22,0.0
2003,3230,23,0.0
2003,3230,24,0.0
2003,3230,25,0.0
2003,3230,26,0.0
2003,3230,27,0.0
2003,3230,28,0.0
2003,3230,29,0.0
2003,3230,30,0.0
2003,3230,31,0.0
2003,3230,32,0.0
2003,3230,33,0.0
2003,3230,34,0.0
2003,3230,35,0.0
2003,3230,36,0.0
2003,3230,37,0.0
2003,3230,38,0.0
2003,3230,39,0.0
2003,3230,40,0.0
2003,3230,41,0.0
2003,3230,42,0.0
2003,3230,43,0.0
2004,3230,1,0.0
2004,3230,2,0.0
2004,3230,3,0.0
2004,3230,4,0.0
2004,3230,5,0.0
2004,3230,6,0.0
2004,3230,7,0.0
2004,3230,8,0.0
2004,3230,9,0.0
2004,3230,10,0.0
2004,3230,11,0.0
2004,3230,12,0.0
2004,3230,13,0.0
2004,3230,14,0.0
2004,3230,15,0.0
2004,3230,16,0.0
2004,3230,17,0.0
2004,3230,18,0.0
2004,3230,19,0.0
2004,3230,20,0.0
2004,3230,21,0.0
2004,3230,22,0.0
2004,3230,23,0.0
2004,3230,24,0.0
2004,3230,25,0.0
2004,3230,26,0.0
2004,3230,27,0.0
2004,3230,28,0.0
2004,3230,29,0.0
2004,3230,30,0.0
2004,3230,31,0.0
2004,3230,32,0.0
2004,3230,33,0.0
2004,3230,34,0.0
2004,3230,35,0.0
2004,3230,36,0.0
2004,3230,37,0.0
2004,3230,38,0.0
2004,3230,39,0.0
2004,3230,40,0.0
2004,3230,41,0.0
2004,3230,42,0.0
2004,3230,43,0.0
2004,3230,44,0.0
2005,3230,0,0.0
2005,3230,1,0.0
2005,3230,2,0.0
2005,3230,3,0.0
2005,3230,4,0.0
2005,3230,5,0.0
2005,3230,6,0.0
2005,3230,7,0.0
2005,3230,8,0.0
2005,3230,9,0.0
2005,3230,10,0.0
2005,3230,11,0.0
2005,3230,12,0.0
2005,3230,13,0.0
2005,3230,14,0.0
2005,3230,15,0.0
2005,3230,16,0.0
2005,3230,17,0.0
2005,3230,18,0.0
2005,3230,19,0.0
2005,3230,20,0.0
2005,3230,21,0.0
2005,3230,22,0.0
2005,3230,23,0.0
2005,3230,24,0.0
2005,3230,25,0.0
2005,3230,26,0.0
2005,3230,27,0.0
2005,3230,28,0.0
2005,3230,29,0.0
2005,3230,30,0.0
2005,3230,31,0.0
2005,3230,32,0.0
2005,3230,33,0.0
2005,3230,34,0.0
2005,3230,35,0.0
2005,3230,36,0.0
2005,3230,37,0.0
2005,3230,38,0.0
2005,3230,39,0.0
2005,3230,40,0.0
2005,3230,41,0.0
2005,3230,42,0.0
2005,3230,43,0.0
2012,3230,1,0.0
2012,3230,2,0.0
2012,3230,3,0.0
2012,3230,4,0.0
2012,3230,5,0.0
2012,3230,6,0.0
2012,3230,7,0.0
2012,3230,8,0.0
2012,3230,9,0.0
2012,3230,10,0.0
2012,3230,11,0.0
2012,3230,12,0.0
2012,3230,13,0.0
2012,3230,14,0.0
2012,3230,15,0.0
2012,3230,16,0.0
2012,3230,17,0.0
2012,3230,18,0.0
2012,3230,19,0.0
2012,3230,20,1.0
2012,3230,21,1.0
2012,3230,22,1.0
2012,3230,23,1.0
2012,3230,24,1.0
2012,3230,25,1.0
2012,3230,26,1.0
2012,3230,27,1.0
2012,3230,28,1.0
2012,3230,29,1.0
2012,3230,30,1.0
2012,3230,31,0.0
2012,3230,32,0.0
2012,3230,33,0.0
2012,3230,34,0.0
2012,3230,35,0.0
2012,3230,36,0.0
2012,3230,37,0.0
2012,3230,38,0.0
2012,3230,39,0.0
2012,3230,40,0.0
2012,3230,41,0.0
2012,3230,42,0.0
2012,3230,43,0.0
2012,3230,44,0.0
2013,3230,0,0.0
2013,3230,1,0.0
2013,3230,2,0.0
2013,3230,3,0.0
2013,3230,4,0.0
2013,3230,5,0.0
2013,3230,6,0.0
2013,3230,7,0.0
2013,3230,8,0.0
2013,3230,9,0.0
2013,3230,10,0.0
2013,3230,11,0.0
2013,3230,12,0.0
2013,3230,13,0.0
2013,3230,14,0.0
2013,3230,15,0.0
2013,3230,16,0.0
2013,3230,17,0.0
2013,3230,18,0.0
2013,3230,19,0.0
2013,3230,20,1.0
2013,3230,21,1.0
2013,3230,22,1.0
2013,3230,23,1.0
2013,3230,24,1.0
2013,3230,25,1.0
2013,3230,26,1.0
2013,3230,27,1.0
2013,3230,28,1.0
2013,3230,29,1.0
2013,3230,30,1.0
2013,3230,31,0.0
2013,3230,32,0.0
2013,3230,33,0.0
2013,3230,34,0.0
2013,3230,35,0.0
2013,3230,36,0.0
2013,3230,37,0.0
2013,3230,38,0.0
2013,3230,39,0.0
2013,3230,40,0.0
2013,3230,41,0.0
2013,3230,42,0.0
2013,3230,43,0.0
1989,3230,0,0.0
1989,3230,1,0.0
1989,3230,2,0.0
1989,3230,3,0.0
1989,3230,4,0.0
1989,3230,5,0.0
1989,3230,6,0.0
1989,3230,7,0.0
1989,3230,8,0.0
1989,3230,9,0.0
1989,3230,10,0.0
1989,3230,11,0.0
1989,3230,12,0.0
1989,3230,13,0.0
1989,3230,14,0.0
1989,3230,15,0.0
1989,3230,16,0.0
1989,3230,17,0.0
1989,3230,18,0.0
1989,3230,19,0.0
1989,3230,20,0.0
1989,3230,21,0.0
1989,3230,22,0.0
1989,3230,23,0.0
1989,3230,24,0.0
1989,3230,25,0.0
1989,3230,26,0.0
1989,3230,27,0.0
1989,3230,28,0.0
1989,3230,29,0.0
1989,3230,30,0.0
1989,3230,31,0.0
1989,3230,32,0.0
1989,3230,33,0.0
1989,3230,34,0.0
1989,3230,35,0.0
1989,3230,36,0.0
1989,3230,37,0.0
1989,3230,38,0.0
1989,3230,39,0.0
1989,3230,40,0.0
1989,3230,41,0.0
1989,3230,42,0.0
1989,3230,43,0.0
1993,3230,0,0.0
1993,3230,1,0.0
1993,3230,2,0.0
1993,3230,3,0.0
1993,3230,4,0.0
1993,3230,5,0.0
1993,3230,6,0.0
1993,3230,7,0.0
1993,3230,8,0.0
1993,3230,9,0.0
1993,3230,10,0.0
1993,3230,11,0.0
1993,3230,12,0.0
1993,3230,13,0.0
1993,3230,14,0.0
1993,3230,15,0.0
1993,3230,16,0.0
1993,3230,17,0.0
1993,3230,18,0.0
1993,3230,19,0.0
1993,3230,20,0.0
1993,3230,21,0.0
1993,3230,22,0.0
1993,3230,23,0.0
1993,3230,24,0.0
1993,3230,25,0.0
1993,3230,26,0.0
1993,3230,27,0.0
1993,3230,28,0.0
1993,3230,29,0.0
1993,3230,30,0.0
1993,3230,31,0.0
1993,3230,32,0.0
1993,3230,33,0.0
1993,3230,34,0.0
1993,3230,35,0.0
1993,3230,36,0.0
1993,3230,37,0.0
1993,3230,38,0.0
1993,3230,39,0.0
1993,3230,40,0.0
1993,3230,41,0.0
1993,3230,42,0.0
1993,3230,43,0.0
1997,3230,0,0.0
1997,3230,1,0.0
1997,3230,2,0.0
1997,3230,3,0.0
1997,3230,4,0.0
1997,3230,5,0.0
1997,3230,6,0.0
1997,3230,7,0.0
1997,3230,8,0.0
1997,3230,9,0.0
1997,3230,10,0.0
1997,3230,11,0.0
1997,3230,12,0.0
1997,3230,13,0.0
1997,3230,14,0.0
1997,3230,15,0.0
1997,3230,16,0.0
1997,3230,17,0.0
1997,3230,18,0.0
1997,3230,19,0.0
1997,3230,20,0.0
1997,3230,21,0.0
1997,3230,22,0.0
1997,3230,23,0.0
1997,3230,24,0.0
1997,3230,25,0.0
1997,3230,26,0.0
1997,3230,27,0.0
1997,3230,28,0.0
1997,3230,29,0.0
1997,3230,30,0.0
1997,3230,31,0.0
1997,3230,32,0.0
1997,3230,33,0.0
1997,3230,34,0.0
1997,3230,35,0.0
1997,3230,36,0.0
1997,3230,37,0.0
1997,3230,38,0.0
1997,3230,39,0.0
1997,3230,40,0.0
1997,3230,41,0.0
1997,3230,42,0.0
1997,3230,43,0.0
2001,3045,0,0.0
2001,3045,1,0.0
2001,3045,2,0.0
2001,3045,3,0.0
2001,3045,4,0.0
2001,3045,5,0.0
2001,3045,6,0.0
2001,3045,7,0.0
2001,3045,8,0.0
2001,3045,9,0.0
2001,3045,10,0.0
2001,3045,11,0.0
2001,3045,12,0.0
2001,3045,13,0.0
2001,3045,14,0.0
2001,3045,15,0.0
2001,3045,16,0.0
2001,3045,17,0.0
2001,3045,18,0.0
2001,3045,19,0.0
2001,3045,20,0.0
2001,3045,21,0.0
2001,3045,22,0.0
2001,3045,23,0.0
2001,3045,24,0.0
2001,3045,25,0.0
2001,3045,26,0.0
2001,3045,27,0.0
2001,3045,28,0.0
2001,3045,29,0.0
2001,3045,30,0.0
2001,3045,31,0.0
2001,3045,32,0.0
2001,3045,33,0.0
2001,3045,34,0.0
2001,3045,35,0.0
2001,3045,36,0.0
2001,3045,37,0.0
2001,3045,38,0.0
2001,3045,39,0.0
2001,3045,40,0.0
2001,3045,41,0.0
2001,3045,42,0.0
2001,3045,43,0.0
2003,3045,0,0.0
2003,3045,1,0.0
2003,3045,2,0.0
2003,3045,3,0.0
2003,3045,4,0.0
2003,3045,5,0.0
2003,3045,6,0.0
2003,3045,7,0.0
2003,3045,8,0.0
2003,3045,9,0.0
2003,3045,10,0.0
2003,3045,11,0.0
2003,3045,12,0.0
2003,3045,13,0.0
2003,3045,14,0.0
2003,3045,15,0.0
2003,3045,16,0.0
2003,3045,17,0.0
2003,3045,18,0.0
2003,3045,19,0.0
2003,3045,20,0.0
2003,3045,21,0.0
2003,3045,22,0.0
2003,3045,23,0.0
2003,3045,24,0.0
2003,3045,25,0.0
2003,3045,26,0.0
2003,3045,27,0.0
2003,3045,28,0.0
2003,3045,29,0.0
2003,3045,30,0.0
2003,3045,31,0.0
2003,3045,32,0.0
2003,3045,33,0.0
2003,3045,34,0.0
2003,3045,35,0.0
2003,3045,36,0.0
2003,3045,37,0.0
2003,3045,38,0.0
2003,3045,39,0.0
2003,3045,40,0.0
2003,3045,41,0.0
2003,3045,42,0.0
2003,3045,43,0.0
2004,3045,1,0.0
2004,3045,2,0.0
2004,3045,3,0.0
2004,3045,4,0.0
2004,3045,5,0.0
2004,3045,6,0.0
2004,3045,7,0.0
2004,3045,8,0.0
2004,3045,9,0.0
2004,3045,10,0.0
2004,3045,11,0.0
2004,3045,12,0.0
2004,3045,13,0.0
2004,3045,14,0.0
2004,3045,15,0.0
2004,3045,16,0.0
2004,3045,17,0.0
2004,3045,18,0.0
2004,3045,19,0.0
2004,3045,20,0.0
2004,3045,21,0.0
2004,3045,22,0.0
2004,3045,23,0.0
2004,3045,24,0.0
2004,3045,25,0.0
2004,3045,26,0.0
2004,3045,27,0.0
2004,3045,28,0.0
2004,3045,29,0.0
2004,3045,30,0.0
2004,3045,31,0.0
2004,3045,32,0.0
2004,3045,33,0.0
2004,3045,34,0.0
2004,3045,35,0.0
2004,3045,36,0.0
2004,3045,37,0.0
2004,3045,38,0.0
2004,3045,39,0.0
2004,3045,40,0.0
2004,3045,41,0.0
2004,3045,42,0.0
2004,3045,43,0.0
2004,3045,44,0.0
2005,3045,0,0.0
2005,3045,1,0.0
2005,3045,2,0.0
2005,3045,3,0.0
2005,3045,4,0.0
2005,3045,5,0.0
2005,3045,6,0.0
2005,3045,7,0.0
2005,3045,8,0.0
2005,3045,9,0.0
2005,3045,10,0.0
2005,3045,11,0.0
2005,3045,12,0.0
2005,3045,13,0.0
2005,3045,14,0.0
2005,3045,15,0.0
2005,3045,16,0.0
2005,3045,17,0.0
2005,3045,18,0.0
2005,3045,19,0.0
2005,3045,20,0.0
2005,3045,21,0.0
2005,3045,22,0.0
2005,3045,23,0.0
2005,3045,24,0.0
2005,3045,25,0.0
2005,3045,26,0.0
2005,3045,27,0.0
2005,3045,28,0.0
2005,3045,29,0.0
2005,3045,30,0.0
2005,3045,31,0.0
2005,3045,32,0.0
2005,3045,33,0.0
2005,3045,34,0.0
2005,3045,35,0.0
2005,3045,36,0.0
2005,3045,37,0.0
2005,3045,38,0.0
2005,3045,39,0.0
2005,3045,40,0.0
2005,3045,41,0.0
2005,3045,42,0.0
2005,3045,43,0.0
2012,3045,1,0.0
2012,3045,2,0.0
2012,3045,3,0.0
2012,3045,4,0.0
2012,3045,5,0.0
2012,3045,6,0.0
2012,3045,7,0.0
2012,3045,8,0.0
2012,3045,9,0.0
2012,3045,10,0.0
2012,3045,11,0.0
2012,3045,12,0.0
2012,3045,13,0.0
2012,3045,14,0.0
2012,3045,15,0.0
2012,3045,16,0.0
2012,3045,17,0.0
2012,3045,18,0.0
2012,3045,19,0.0
2012,3045,20,0.0
2012,3045,21,0.0
2012,3045,22,0.0
2012,3045,23,0.0
2012,3045,24,0.0
2012,3045,25,0.0
2012,3045,26,0.0
2012,3045,27,0.0
2012,3045,28,0.0
2012,3045,29,0.0
2012,3045,30,0.0
2012,3045,31,0.0
2012,3045,32,0.0
2012,3045,33,0.0
2012,3045,34,0.0
2012,3045,35,0.0
2012,3045,36,0.0
2012,3045,37,0.0
2012,3045,38,0.0
2012,3045,39,0.0
2012,3045,40,0.0
2012,3045,41,0.0
2012,3045,42,0.0
2012,3045,43,0.0
2012,3045,44,0.0
2013,3045,0,0.0
2013,3045,1,0.0
2013,3045,2,0.0
2013,3045,3,0.0
2013,3045,4,0.0
2013,3045,5,0.0
2013,3045,6,0.0
2013,3045,7,0.0
2013,3045,8,0.0
2013,3045,9,0.0
2013,3045,10,0.0
2013,3045,11,0.0
2013,3045,12,0.0
2013,3045,13,0.0
2013,3045,14,0.0
2013,3045,15,0.0
2013,3045,16,0.0
2013,3045,17,0.0
2013,3045,18,0.0
2013,3045,19,0.0
2013,3045,20,0.0
2013,3045,21,0.0
2013,3045,22,0.0
2013,3045,23,0.0
2013,3045,24,0.0
2013,3045,25,0.0
2013,3045,26,0.0
2013,3045,27,0.0
2013,3045,28,0.0
2013,3045,29,0.0
2013,3045,30,0.0
2013,3045,31,0.0
2013,3045,32,0.0
2013,3045,33,0.0
2013,3045,34,0.0
2013,3045,35,0.0
2013,3045,36,0.0
2013,3045,37,0.0
2013,3045,38,0.0
2013,3045,39,0.0
2013,3045,40,0.0
2013,3045,41,0.0
2013,3045,42,0.0
2013,3045,43,0.0
1989,3045,0,0.0
1989,3045,1,0.0
1989,3045,2,0.0
1989,3045,3,0.0
1989,3045,4,0.0
1989,3045,5,0.0
1989,3045,6,0.0
1989,3045,7,0.0
1989,3045,8,0.0
1989,3045,9,0.0
1989,3045,10,0.0
1989,3045,11,0.0
1989,3045,12,0.0
1989,3045,13,0.0
1989,3045,14,0.0
1989,3045,15,0.0
1989,3045,16,0.0
1989,3045,17,0.0
1989,3045,18,0.0
1989,3045,19,0.0
1989,3045,20,0.0
1989,3045,21,0.0
1989,3045,22,0.0
1989,3045,23,0.0
1989,3045,24,0.0
1989,3045,25,0.0
1989,3045,26,0.0
1989,3045,27,0.0
1989,3045,28,0.0
1989,3045,29,0.0
1989,3045,30,0.0
1989,3045,31,0.0
1989,3045,32,0.0
1989,3045,33,0.0
1989,3045,34,0.0
1989,3045,35,0.0
1989,3045,36,0.0
1989,3045,37,0.0
1989,3045,38,0.0
1989,3045,39,0.0
1989,3045,40,0.0
1989,3045,41,0.0
1989,3045,42,0.0
1989,3045,43,0.0
1993,3045,0,0.0
1993,3045,1,0.0
1993,3045,2,0.0
1993,3045,3,0.0
1993,3045,4,0.0
1993,3045,5,0.0
1993,3045,6,0.0
1993,3045,7,0.0
1993,3045,8,0.0
1993,3045,9,0.0
1993,3045,10,0.0
1993,3045,11,0.0
1993,3045,12,0.0
1993,3045,13,0.0
1993,3045,14,0.0
1993,3045,15,0.0
1993,3045,16,0.0
1993,3045,17,0.0
1993,3045,18,0.0
1993,3045,19,0.0
1993,3045,20,0.0
1993,3045,21,0.0
1993,3045,22,0.0
1993,3045,23,0.0
1993,3045,24,0.0
1993,3045,25,0.0
1993,3045,26,0.0
1993,3045,27,0.0
1993,3045,28,0.0
1993,3045,29,0.0
1993,3045,30,0.0
1993,3045,31,0.0
1993,3045,32,0.0
1993,3045,33,0.0
1993,3045,34,0.0
1993,3045,35,0.0
1993,3045,36,0.0
1993,3045,37,0.0
1993,3045,38,0.0
1993,3045,39,0.0
1993,3045,40,0.0
1993,3045,41,0.0
1993,3045,42,0.0
1993,3045,43,0.0
1997,3045,0,0.0
1997,3045,1,0.0
1997,3045,2,0.0
1997,3045,3,0.0
1997,3045,4,0.0
1997,3045,5,0.0
1997,3045,6,0.0
1997,3045,7,0.0
1997,3045,8,0.0
1997,3045,9,0.0
1997,3045,10,0.0
1997,3045,11,0.0
1997,3045,12,0.0
1997,3045,13,0.0
1997,3045,14,0.0
1997,3045,15,0.0
1997,3045,16,0.0
1997,3045,17,0.0
1997,3045,18,0.0
1997,3045,19,0.0
1997,3045,20,0.0
1997,3045,21,0.0
1997,3045,22,0.0
1997,3045,23,0.0
1997,3045,24,0.0
1997,3045,25,0.0
1997,3045,26,0.0
1997,3045,27,0.0
1997,3045,28,0.0
1997,3045,29,0.0
1997,3045,30,0.0
1997,3045,31,0.0
1997,3045,32,0.0
1997,3045,33,0.0
1997,3045,34,0.0
1997,3045,35,0.0
1997,3045,36,0.0
1997,3045,37,0.0
1997,3045,38,0.0
1997,3045,39,0.0
1997,3045,40,0.0
1997,3045,41,0.0
1997,3045,42,0.0
1997,3045,43,0.0
2001,3028,0,0.0
2001,3028,1,0.0
2001,3028,2,0.0
2001,3028,3,0.0
2001,3028,4,0.0
2001,3028,5,0.0
2001,3028,6,0.0
2001,3028,7,0.0
2001,3028,8,0.0
2001,3028,9,0.0
2001,3028,10,0.0
2001,3028,11,0.0
2001,3028,12,0.0
2001,3028,13,0.0
2001,3028,14,0.0
2001,3028,15,0.0
2001,3028,16,0.0
2001,3028,17,0.0
2001,3028,18,0.0
2001,3028,19,0.0
2001,3028,20,0.0
2001,3028,21,0.0
2001,3028,22,0.0
2001,3028,23,0.0
2001,3028,24,0.0
2001,3028,25,0.0
2001,3028,26,0.0
2001,3028,27,0.0
2001,3028,28,0.0
2001,3028,29,0.0
2001,3028,30,0.0
2001,3028,31,0.0
2001,3028,32,0.0
2001,3028,33,0.0
2001,3028,34,0.0
2001,3028,35,0.0
2001,3028,36,0.0
2001,3028,37,0.0
2001,3028,38,0.0
2001,3028,39,0.0
2001,3028,40,0.0
2001,3028,41,0.0
2001,3028,42,0.0
2001,3028,43,0.0
2003,3028,0,0.0
2003,3028,1,0.0
2003,3028,2,0.0
2003,3028,3,0.0
2003,3028,4,0.0
2003,3028,5,0.0
2003,3028,6,0.0
2003,3028,7,0.0
2003,3028,8,0.0
2003,3028,9,0.0
2003,3028,10,0.0
2003,3028,11,0.0
2003,3028,12,0.0
2003,3028,13,0.0
2003,3028,14,0.0
2003,3028,15,0.0
2003,3028,16,0.0
2003,3028,17,0.0
2003,3028,18,0.0
2003,3028,19,0.0
2003,3028,20,1.0
2003,3028,21,1.0
2003,3028,22,1.0
2003,3028,23,1.0
2003,3028,24,1.0
2003,3028,25,1.0
2003,3028,26,1.0
2003,3028,27,1.0
2003,3028,28,1.0
2003,3028,29,1.0
2003,3028,30,0.0
2003,3028,31,0.0
2003,3028,32,0.0
2003,3028,33,0.0
2003,3028,34,0.0
2003,3028,35,0.0
2003,3028,36,0.0
2003,3028,37,0.0
2003,3028,38,0.0
2003,3028,39,0.0
2003,3028,40,0.0
2003,3028,41,0.0
2003,3028,42,0.0
2003,3028,43,0.0
2004,3028,1,0.0
2004,3028,2,0.0
2004,3028,3,0.0
2004,3028,4,0.0
2004,3028,5,0.0
2004,3028,6,0.0
2004,3028,7,0.0
2004,3028,8,0.0
2004,3028,9,0.0
2004,3028,10,0.0
2004,3028,11,0.0
2004,3028,12,0.0
2004,3028,13,0.0
2004,3028,14,0.0
2004,3028,15,0.0
2004,3028,16,0.0
2004,3028,17,0.0
2004,3028,18,0.0
2004,3028,19,0.0
2004,3028,20,1.0
2004,3028,21,1.0
2004,3028,22,1.0
2004,3028,23,1.0
2004,3028,24,1.0
2004,3028,25,1.0
2004,3028,26,0.0
2004,3028,27,0.0
2004,3028,28,0.0
2004,3028,29,0.0
2004,3028,30,0.0
2004,3028,31,0.0
2004,3028,32,0.0
2004,3028,33,0.0
2004,3028,34,0.0
2004,3028,35,0.0
2004,3028,36,0.0
2004,3028,37,0.0
2004,3028,38,0.0
2004,3028,39,0.0
2004,3028,40,0.0
2004,3028,41,0.0
2004,3028,42,0.0
2004,3028,43,0.0
2004,3028,44,0.0
2005,3028,0,0.0
2005,3028,1,0.0
2005,3028,2,0.0
2005,3028,3,0.0
2005,3028,4,0.0
2005,3028,5,0.0
2005,3028,6,0.0
2005,3028,7,0.0
2005,3028,8,0.0
2005,3028,9,0.0
2005,3028,10,0.0
2005,3028,11,0.0
2005,3028,12,0.0
2005,3028,13,0.0
2005,3028,14,0.0
2005,3028,15,0.0
2005,3028,16,0.0
2005,3028,17,0.0
2005,3028,18,0.0
2005,3028,19,0.0
2005,3028,20,0.0
2005,3028,21,0.0
2005,3028,22,0.0
2005,3028,23,0.0
2005,3028,24,0.0
2005,3028,25,0.0
2005,3028,26,0.0
2005,3028,27,0.0
2005,3028,28,0.0
2005,3028,29,0.0
2005,3028,30,0.0
2005,3028,31,0.0
2005,3028,32,0.0
2005,3028,33,0.0
2005,3028,34,0.0
2005,3028,35,0.0
2005,3028,36,0.0
2005,3028,37,0.0
2005,3028,38,0.0
2005,3028,39,0.0
2005,3028,40,0.0
2005,3028,41,0.0
2005,3028,42,0.0
2005,3028,43,0.0
2012,3028,1,0.0
2012,3028,2,0.0
2012,3028,3,0.0
2012,3028,4,0.0
2012,3028,5,0.0
2012,3028,6,0.0
2012,3028,7,0.0
2012,3028,8,0.0
2012,3028,9,0.0
2012,3028,10,0.0
2012,3028,11,0.0
2012,3028,12,0.0
2012,3028,13,0.0
2012,3028,14,0.0
2012,3028,15,0.0
2012,3028,16,0.0
2012,3028,17,0.0
2012,3028,18,0.0
2012,3028,19,0.0
2012,3028,20,0.0
2012,3028,21,0.0
2012,3028,22,0.0
2012,3028,23,0.0
2012,3028,24,0.0
2012,3028,25,0.0
2012,3028,26,0.0
2012,3028,27,0.0
2012,3028,28,0.0
2012,3028,29,0.0
2012,3028,30,0.0
2012,3028,31,0.0
2012,3028,32,0.0
2012,3028,33,0.0
2012,3028,34,0.0
2012,3028,35,0.0
2012,3028,36,0.0
2012,3028,37,0.0
2012,3028,38,0.0
2012,3028,39,0.0
2012,3028,40,0.0
2012,3028,41,0.0
2012,3028,42,0.0
2012,3028,43,0.0
2012,3028,44,0.0
2013,3028,0,0.0
2013,3028,1,0.0
2013,3028,2,0.0
2013,3028,3,0.0
2013,3028,4,0.0
2013,3028,5,0.0
2013,3028,6,0.0
2013,3028,7,0.0
2013,3028,8,0.0
2013,3028,9,0.0
2013,3028,10,0.0
2013,3028,11,0.0
2013,3028,12,0.0
2013,3028,13,0.0
2013,3028,14,0.0
2013,3028,15,0.0
2013,3028,16,0.0
2013,3028,17,0.0
2013,3028,18,0.0
2013,3028,19,0.0
2013,3028,20,0.0
2013,3028,21,0.0
2013,3028,22,0.0
2013,3028,23,0.0
2013,3028,24,0.0
2013,3028,25,0.0
2013,3028,26,0.0
2013,3028,27,0.0
2013,3028,28,0.0
2013,3028,29,0.0
2013,3028,30,0.0
2013,3028,31,0.0
2013,3028,32,0.0
2013,3028,33,0.0
2013,3028,34,0.0
2013,3028,35,0.0
2013,3028,36,0.0
2013,3028,37,0.0
2013,3028,38,0.0
2013,3028,39,0.0
2013,3028,40,0.0
2013,3028,41,0.0
2013,3028,42,0.0
2013,3028,43,0.0
1989,3028,0,0.0
1989,3028,1,0.0
1989,3028,2,0.0
1989,3028,3,0.0
1989,3028,4,0.0
1989,3028,5,0.0
1989,3028,6,0.0
1989,3028,7,0.0
1989,3028,8,0.0
1989,3028,9,0.0
1989,3028,10,0.0
1989,3028,11,0.0
1989,3028,12,0.0
1989,3028,13,0.0
1989,3028,14,0.0
1989,3028,15,0.0
1989,3028,16,0.0
1989,3028,17,0.0
1989,3028,18,0.0
1989,3028,19,0.0
1989,3028,20,0.0
1989,3028,21,0.0
1989,3028,22,0.0
1989,3028,23,0.0
1989,3028,24,0.0
1989,3028,25,0.0
1989,3028,26,0.0
1989,3028,27,0.0
1989,3028,28,0.0
1989,3028,29,0.0
1989,3028,30,0.0
1989,3028,31,0.0
1989,3028,32,0.0
1989,3028,33,0.0
1989,3028,34,0.0
1989,3028,35,0.0
1989,3028,36,0.0
1989,3028,37,0.0
1989,3028,38,0.0
1989,3028,39,0.0
1989,3028,40,0.0
1989,3028,41,0.0
1989,3028,42,0.0
1989,3028,43,0.0
1993,3028,10,0.0
1993,3028,11,0.0
1993,3028,12,0.0
1993,3028,13,0.0
1993,3028,14,0.0
1993,3028,15,0.0
1993,3028,16,0.0
1993,3028,17,0.0
1993,3028,18,0.0
1993,3028,19,0.0
1993,3028,20,0.0
1993,3028,21,1.0
1993,3028,22,0.0
1993,3028,23,0.0
1993,3028,24,0.0
1993,3028,25,0.0
1993,3028,26,0.0
1993,3028,27,0.0
1993,3028,28,0.0
1993,3028,29,0.0
1993,3028,30,0.0
1993,3028,31,0.0
1993,3028,32,0.0
1993,3028,33,0.0
1993,3028,34,0.0
1993,3028,35,0.0
1993,3028,36,0.0
1993,3028,37,0.0
1993,3028,38,0.0
1993,3028,39,0.0
1993,3028,40,0.0
1993,3028,41,0.0
1993,3028,42,0.0
1993,3028,43,0.0
1997,3028,0,0.0
1997,3028,1,0.0
1997,3028,2,0.0
1997,3028,3,0.0
1997,3028,4,0.0
1997,3028,5,0.0
1997,3028,6,0.0
1997,3028,7,0.0
1997,3028,8,0.0
1997,3028,9,0.0
1997,3028,10,0.0
1997,3028,11,0.0
1997,3028,12,0.0
1997,3028,13,0.0
1997,3028,14,0.0
1997,3028,15,0.0
1997,3028,16,0.0
1997,3028,17,0.0
1997,3028,18,0.0
1997,3028,19,0.0
1997,3028,20,0.0
1997,3028,21,0.0
1997,3028,22,0.0
1997,3028,23,0.0
1997,3028,24,0.0
1997,3028,25,0.0
1997,3028,26,0.0
1997,3028,27,0.0
1997,3028,28,0.0
1997,3028,29,0.0
1997,3028,30,0.0
1997,3028,31,0.0
1997,3028,32,0.0
1997,3028,33,0.0
1997,3028,34,0.0
1997,3028,35,0.0
1997,3028,36,0.0
1997,3028,37,0.0
1997,3028,38,0.0
1997,3028,39,0.0
1997,3028,40,0.0
1997,3028,41,0.0
1997,3028,42,0.0
1997,3028,43,0.0
2001,3029,0,0.0
2001,3029,1,0.0
2001,3029,2,0.0
2001,3029,3,0.0
2001,3029,4,0.0
2001,3029,5,0.0
2001,3029,6,0.0
2001,3029,7,0.0
2001,3029,8,0.0
2001,3029,9,0.0
2001,3029,10,0.0
2001,3029,11,0.0
2001,3029,12,0.0
2001,3029,13,0.0
2001,3029,14,0.0
2001,3029,15,0.0
2001,3029,16,0.0
2001,3029,17,0.0
2001,3029,18,0.0
2001,3029,19,0.0
2001,3029,20,0.0
2001,3029,21,0.0
2001,3029,22,0.0
2001,3029,23,0.0
2001,3029,24,0.0
2001,3029,25,0.0
2001,3029,26,0.0
2001,3029,27,0.0
2001,3029,28,0.0
2001,3029,29,0.0
2001,3029,30,0.0
2001,3029,31,0.0
2001,3029,32,0.0
2001,3029,33,0.0
2001,3029,34,0.0
2001,3029,35,0.0
2001,3029,36,0.0
2001,3029,37,0.0
2001,3029,38,0.0
2001,3029,39,0.0
2001,3029,40,0.0
2001,3029,41,0.0
2001,3029,42,0.0
2001,3029,43,0.0
2003,3029,0,0.0
2003,3029,1,0.0
2003,3029,2,0.0
2003,3029,3,0.0
2003,3029,4,0.0
2003,3029,5,0.0
2003,3029,6,0.0
2003,3029,7,0.0
2003,3029,8,0.0
2003,3029,9,0.0
2003,3029,10,0.0
2003,3029,11,0.0
2003,3029,12,0.0
2003,3029,13,0.0
2003,3029,14,0.0
2003,3029,15,0.0
2003,3029,16,0.0
2003,3029,17,0.0
2003,3029,18,0.0
2003,3029,19,0.0
2003,3029,20,0.0
2003,3029,21,0.0
2003,3029,22,0.0
2003,3029,23,0.0
2003,3029,24,0.0
2003,3029,25,0.0
2003,3029,26,0.0
2003,3029,27,0.0
2003,3029,28,0.0
2003,3029,29,0.0
2003,3029,30,0.0
2003,3029,31,0.0
2003,3029,32,0.0
2003,3029,33,0.0
2003,3029,34,0.0
2003,3029,35,0.0
2003,3029,36,0.0
2003,3029,37,0.0
2003,3029,38,0.0
2003,3029,39,0.0
2003,3029,40,0.0
2003,3029,41,0.0
2003,3029,42,0.0
2003,3029,43,0.0
2004,3029,1,0.0
2004,3029,2,0.0
2004,3029,3,0.0
2004,3029,4,0.0
2004,3029,5,0.0
2004,3029,6,0.0
2004,3029,7,0.0
2004,3029,8,0.0
2004,3029,9,0.0
2004,3029,10,0.0
2004,3029,11,0.0
2004,3029,12,0.0
2004,3029,13,0.0
2004,3029,14,0.0
2004,3029,15,0.0
2004,3029,16,0.0
2004,3029,17,0.0
2004,3029,18,0.0
2004,3029,19,0.0
2004,3029,20,0.0
2004,3029,21,0.0
2004,3029,22,0.0
2004,3029,23,0.0
2004,3029,24,0.0
2004,3029,25,0.0
2004,3029,26,0.0
2004,3029,27,0.0
2004,3029,28,0.0
2004,3029,29,0.0
2004,3029,30,0.0
2004,3029,31,0.0
2004,3029,32,0.0
2004,3029,33,0.0
2004,3029,34,0.0
2004,3029,35,0.0
2004,3029,36,0.0
2004,3029,37,0.0
2004,3029,38,0.0
2004,3029,39,0.0
2004,3029,40,0.0
2004,3029,41,0.0
2004,3029,42,0.0
2004,3029,43,0.0
2004,3029,44,0.0
2005,3029,0,0.0
2005,3029,1,0.0
2005,3029,2,0.0
2005,3029,3,0.0
2005,3029,4,0.0
2005,3029,5,0.0
2005,3029,6,0.0
2005,3029,7,0.0
2005,3029,8,0.0
2005,3029,9,0.0
2005,3029,10,0.0
2005,3029,11,0.0
2005,3029,12,0.0
2005,3029,13,0.0
2005,3029,14,0.0
2005,3029,15,0.0
2005,3029,16,0.0
2005,3029,17,0.0
2005,3029,18,0.0
2005,3029,19,0.0
2005,3029,20,0.0
2005,3029,21,0.0
2005,3029,22,0.0
2005,3029,23,0.0
2005,3029,24,0.0
2005,3029,25,0.0
2005,3029,26,0.0
2005,3029,27,0.0
2005,3029,28,0.0
2005,3029,29,0.0
2005,3029,30,0.0
2005,3029,31,0.0
2005,3029,32,0.0
2005,3029,33,0.0
2005,3029,34,0.0
2005,3029,35,0.0
2005,3029,36,0.0
2005,3029,37,0.0
2005,3029,38,0.0
2005,3029,39,0.0
2005,3029,40,0.0
2005,3029,41,0.0
2005,3029,42,0.0
2005,3029,43,0.0
2012,3029,1,0.0
2012,3029,2,0.0
2012,3029,3,0.0
2012,3029,4,0.0
2012,3029,5,0.0
2012,3029,6,0.0
2012,3029,7,0.0
2012,3029,8,0.0
2012,3029,9,0.0
2012,3029,10,0.0
2012,3029,11,0.0
2012,3029,12,0.0
2012,3029,13,0.0
2012,3029,14,0.0
2012,3029,15,0.0
2012,3029,16,0.0
2012,3029,17,0.0
2012,3029,18,0.0
2012,3029,19,0.0
2012,3029,20,0.0
2012,3029,21,0.0
2012,3029,22,0.0
2012,3029,23,0.0
2012,3029,24,0.0
2012,3029,25,0.0
2012,3029,26,0.0
2012,3029,27,0.0
2012,3029,28,0.0
2012,3029,29,0.0
2012,3029,30,0.0
2012,3029,31,0.0
2012,3029,32,0.0
2012,3029,33,0.0
2012,3029,34,0.0
2012,3029,35,0.0
2012,3029,36,0.0
2012,3029,37,0.0
2012,3029,38,0.0
2012,3029,39,0.0
2012,3029,40,0.0
2012,3029,41,0.0
2012,3029,42,0.0
2012,3029,43,0.0
2012,3029,44,0.0
2013,3029,0,0.0
2013,3029,1,0.0
2013,3029,2,0.0
2013,3029,3,0.0
2013,3029,4,0.0
2013,3029,5,0.0
2013,3029,6,0.0
2013,3029,7,0.0
2013,3029,8,0.0
2013,3029,9,0.0
2013,3029,10,0.0
2013,3029,11,0.0
2013,3029,12,0.0
2013,3029,13,0.0
2013,3029,14,0.0
2013,3029,15,0.0
2013,3029,16,0.0
2013,3029,17,0.0
2013,3029,18,0.0
2013,3029,19,0.0
2013,3029,20,0.0
2013,3029,21,0.0
2013,3029,22,0.0
2013,3029,23,0.0
2013,3029,24,0.0
2013,3029,25,0.0
2013,3029,26,0.0
2013,3029,27,0.0
2013,3029,28,0.0
2013,3029,29,0.0
2013,3029,30,0.0
2013,3029,31,0.0
2013,3029,32,0.0
2013,3029,33,0.0
2013,3029,34,0.0
2013,3029,35,0.0
2013,3029,36,0.0
2013,3029,37,0.0
2013,3029,38,0.0
2013,3029,39,0.0
2013,3029,40,0.0
2013,3029,41,0.0
2013,3029,42,0.0
2013,3029,43,0.0
1989,3029,0,0.0
1989,3029,1,0.0
1989,3029,2,0.0
1989,3029,3,0.0
1989,3029,4,0.0
1989,3029,5,0.0
1989,3029,6,0.0
1989,3029,7,0.0
1989,3029,8,0.0
1989,3029,9,0.0
1989,3029,10,0.0
1989,3029,11,0.0
1989,3029,12,0.0
1989,3029,13,0.0
1989,3029,14,0.0
1989,3029,15,0.0
1989,3029,16,0.0
1989,3029,17,0.0
1989,3029,18,0.0
1989,3029,19,0.0
1989,3029,20,0.0
1989,3029,21,0.0
1989,3029,22,0.0
1989,3029,23,0.0
1989,3029,24,0.0
1989,3029,25,0.0
1989,3029,26,0.0
1989,3029,27,0.0
1989,3029,28,0.0
1989,3029,29,0.0
1989,3029,30,0.0
1989,3029,31,0.0
1989,3029,32,0.0
1989,3029,33,0.0
1989,3029,34,0.0
1989,3029,35,0.0
1989,3029,36,0.0
1989,3029,37,0.0
1989,3029,38,0.0
1989,3029,39,0.0
1989,3029,40,0.0
1989,3029,41,0.0
1989,3029,42,0.0
1989,3029,43,0.0
1993,3029,0,0.0
1993,3029,1,0.0
1993,3029,2,0.0
1993,3029,3,0.0
1993,3029,4,0.0
1993,3029,5,0.0
1993,3029,6,0.0
1993,3029,7,0.0
1993,3029,8,0.0
1993,3029,9,0.0
1993,3029,10,0.0
1993,3029,11,0.0
1993,3029,12,0.0
1993,3029,13,0.0
1993,3029,14,0.0
1993,3029,15,0.0
1993,3029,16,0.0
1993,3029,17,0.0
1993,3029,18,0.0
1993,3029,19,0.0
1993,3029,20,0.0
1993,3029,21,0.0
1993,3029,22,0.0
1993,3029,23,0.0
1993,3029,24,0.0
1993,3029,25,0.0
1993,3029,26,0.0
1993,3029,27,0.0
1993,3029,28,0.0
1993,3029,29,0.0
1993,3029,30,0.0
1993,3029,31,0.0
1993,3029,32,0.0
1993,3029,33,0.0
1993,3029,34,0.0
1993,3029,35,0.0
1993,3029,36,0.0
1993,3029,37,0.0
1993,3029,38,0.0
1993,3029,39,0.0
1993,3029,40,0.0
1993,3029,41,0.0
1993,3029,42,0.0
1993,3029,43,0.0
1997,3029,0,0.0
1997,3029,1,0.0
1997,3029,2,0.0
1997,3029,3,0.0
1997,3029,4,0.0
1997,3029,5,0.0
1997,3029,6,0.0
1997,3029,7,0.0
1997,3029,8,0.0
1997,3029,9,0.0
1997,3029,10,0.0
1997,3029,11,0.0
1997,3029,12,0.0
1997,3029,13,0.0
1997,3029,14,0.0
1997,3029,15,0.0
1997,3029,16,0.0
1997,3029,17,0.0
1997,3029,18,0.0
1997,3029,19,0.0
1997,3029,20,0.0
1997,3029,21,0.0
1997,3029,22,0.0
1997,3029,23,0.0
1997,3029,24,0.0
1997,3029,25,0.0
1997,3029,26,0.0
1997,3029,27,0.0
1997,3029,28,0.0
1997,3029,29,0.0
1997,3029,30,0.0
1997,3029,31,0.0
1997,3029,32,0.0
1997,3029,33,0.0
1997,3029,34,0.0
1997,3029,35,0.0
1997,3029,36,0.0
1997,3029,37,0.0
1997,3029,38,0.0
1997,3029,39,0.0
1997,3029,40,0.0
1997,3029,41,0.0
1997,3029,42,0.0
1997,3029,43,0.0
2001,3050,0,0.0
2001,3050,1,0.0
2001,3050,2,0.0
2001,3050,3,0.0
2001,3050,4,0.0
2001,3050,5,0.0
2001,3050,6,0.0
2001,3050,7,0.0
2001,3050,8,0.0
2001,3050,9,0.0
2001,3050,10,0.0
2001,3050,11,0.0
2001,3050,12,0.0
2001,3050,13,0.0
2001,3050,14,0.0
2001,3050,15,0.0
2001,3050,16,0.0
2001,3050,17,0.0
2001,3050,18,0.0
2001,3050,19,0.0
2001,3050,20,0.0
2001,3050,21,0.0
2001,3050,22,0.0
2001,3050,23,0.0
2001,3050,24,0.0
2001,3050,25,0.0
2001,3050,26,0.0
2001,3050,27,0.0
2001,3050,28,0.0
2001,3050,29,0.0
2001,3050,30,0.0
2001,3050,31,0.0
2001,3050,32,0.0
2001,3050,33,0.0
2001,3050,34,0.0
2001,3050,35,0.0
2001,3050,36,0.0
2001,3050,37,0.0
2001,3050,38,0.0
2001,3050,39,0.0
2001,3050,40,0.0
2001,3050,41,0.0
2001,3050,42,0.0
2001,3050,43,0.0
2003,3050,0,0.0
2003,3050,1,0.0
2003,3050,2,0.0
2003,3050,3,0.0
2003,3050,4,0.0
2003,3050,5,0.0
2003,3050,6,0.0
2003,3050,7,0.0
2003,3050,8,0.0
2003,3050,9,0.0
2003,3050,10,0.0
2003,3050,11,0.0
2003,3050,12,0.0
2003,3050,13,0.0
2003,3050,14,0.0
2003,3050,15,0.0
2003,3050,16,0.0
2003,3050,17,0.0
2003,3050,18,0.0
2003,3050,19,0.0
2003,3050,20,0.0
2003,3050,21,0.0
2003,3050,22,0.0
2003,3050,23,0.0
2003,3050,24,0.0
2003,3050,25,0.0
2003,3050,26,0.0
2003,3050,27,0.0
2003,3050,28,0.0
2003,3050,29,0.0
2003,3050,30,0.0
2003,3050,31,0.0
2003,3050,32,0.0
2003,3050,33,0.0
2003,3050,34,0.0
2003,3050,35,0.0
2003,3050,36,0.0
2003,3050,37,0.0
2003,3050,38,0.0
2003,3050,39,0.0
2003,3050,40,0.0
2003,3050,41,0.0
2003,3050,42,0.0
2003,3050,43,0.0
2004,3050,1,0.0
2004,3050,2,0.0
2004,3050,3,0.0
2004,3050,4,0.0
2004,3050,5,0.0
2004,3050,6,0.0
2004,3050,7,0.0
2004,3050,8,0.0
2004,3050,9,0.0
2004,3050,10,0.0
2004,3050,11,0.0
2004,3050,12,0.0
2004,3050,13,0.0
2004,3050,14,0.0
2004,3050,15,0.0
2004,3050,16,0.0
2004,3050,17,0.0
2004,3050,18,0.0
2004,3050,19,0.0
2004,3050,20,0.0
2004,3050,21,0.0
2004,3050,22,0.0
2004,3050,23,0.0
2004,3050,24,0.0
2004,3050,25,0.0
2004,3050,26,0.0
2004,3050,27,0.0
2004,3050,28,0.0
2004,3050,29,0.0
2004,3050,30,0.0
2004,3050,31,0.0
2004,3050,32,0.0
2004,3050,33,0.0
2004,3050,34,0.0
2004,3050,35,0.0
2004,3050,36,0.0
2004,3050,37,0.0
2004,3050,38,0.0
2004,3050,39,0.0
2004,3050,40,0.0
2004,3050,41,0.0
2004,3050,42,0.0
2004,3050,43,0.0
2004,3050,44,0.0
2005,3050,0,0.0
2005,3050,1,0.0
2005,3050,2,0.0
2005,3050,3,0.0
2005,3050,4,0.0
2005,3050,5,0.0
2005,3050,6,0.0
2005,3050,7,0.0
2005,3050,8,0.0
2005,3050,9,0.0
2005,3050,10,0.0
2005,3050,11,0.0
2005,3050,12,0.0
2005,3050,13,0.0
2005,3050,14,0.0
2005,3050,15,0.0
2005,3050,16,0.0
2005,3050,17,0.0
2005,3050,18,0.0
2005,3050,19,0.0
2005,3050,20,0.0
2005,3050,21,0.0
2005,3050,22,0.0
2005,3050,23,0.0
2005,3050,24,0.0
2005,3050,25,0.0
2005,3050,26,0.0
2005,3050,27,0.0
2005,3050,28,0.0
2005,3050,29,0.0
2005,3050,30,0.0
2005,3050,31,0.0
2005,3050,32,0.0
2005,3050,33,0.0
2005,3050,34,0.0
2005,3050,35,0.0
2005,3050,36,0.0
2005,3050,37,0.0
2005,3050,38,0.0
2005,3050,39,0.0
2005,3050,40,0.0
2005,3050,41,0.0
2005,3050,42,0.0
2005,3050,43,0.0
2012,3050,1,0.0
2012,3050,2,0.0
2012,3050,3,0.0
2012,3050,4,0.0
2012,3050,5,0.0
2012,3050,6,0.0
2012,3050,7,0.0
2012,3050,8,0.0
2012,3050,9,0.0
2012,3050,10,0.0
2012,3050,11,0.0
2012,3050,12,0.0
2012,3050,13,0.0
2012,3050,14,0.0
2012,3050,15,0.0
2012,3050,16,0.0
2012,3050,17,0.0
2012,3050,18,0.0
2012,3050,19,0.0
2012,3050,20,0.0
2012,3050,21,0.0
2012,3050,22,0.0
2012,3050,23,0.0
2012,3050,24,0.0
2012,3050,25,0.0
2012,3050,26,0.0
2012,3050,27,0.0
2012,3050,28,0.0
2012,3050,29,0.0
2012,3050,30,0.0
2012,3050,31,0.0
2012,3050,32,0.0
2012,3050,33,0.0
2012,3050,34,0.0
2012,3050,35,0.0
2012,3050,36,0.0
2012,3050,37,0.0
2012,3050,38,0.0
2012,3050,39,0.0
2012,3050,40,0.0
2012,3050,41,0.0
2012,3050,42,0.0
2012,3050,43,0.0
2012,3050,44,0.0
2013,3050,0,0.0
2013,3050,1,0.0
2013,3050,2,0.0
2013,3050,3,0.0
2013,3050,4,0.0
2013,3050,5,0.0
2013,3050,6,0.0
2013,3050,7,0.0
2013,3050,8,0.0
2013,3050,9,0.0
2013,3050,10,0.0
2013,3050,11,0.0
2013,3050,12,0.0
2013,3050,13,0.0
2013,3050,14,0.0
2013,3050,15,0.0
2013,3050,16,0.0
2013,3050,17,0.0
2013,3050,18,0.0
2013,3050,19,0.0
2013,3050,20,0.0
2013,3050,21,0.0
2013,3050,22,0.0
2013,3050,23,0.0
2013,3050,24,0.0
2013,3050,25,0.0
2013,3050,26,0.0
2013,3050,27,0.0
2013,3050,28,0.0
2013,3050,29,0.0
2013,3050,30,0.0
2013,3050,31,0.0
2013,3050,32,0.0
2013,3050,33,0.0
2013,3050,34,0.0
2013,3050,35,0.0
2013,3050,36,0.0
2013,3050,37,0.0
2013,3050,38,0.0
2013,3050,39,0.0
2013,3050,40,0.0
2013,3050,41,0.0
2013,3050,42,0.0
2013,3050,43,0.0
1989,3050,0,0.0
1989,3050,1,0.0
1989,3050,2,0.0
1989,3050,3,0.0
1989,3050,4,0.0
1989,3050,5,0.0
1989,3050,6,0.0
1989,3050,7,0.0
1989,3050,8,0.0
1989,3050,9,0.0
1989,3050,10,0.0
1989,3050,11,0.0
1989,3050,12,0.0
1989,3050,13,0.0
1989,3050,14,0.0
1989,3050,15,0.0
1989,3050,16,0.0
1989,3050,17,0.0
1989,3050,18,0.0
1989,3050,19,0.0
1989,3050,20,0.0
1989,3050,21,0.0
1989,3050,22,0.0
1989,3050,23,0.0
1989,3050,24,0.0
1989,3050,25,0.0
1989,3050,26,0.0
1989,3050,27,0.0
1989,3050,28,0.0
1989,3050,29,0.0
1989,3050,30,0.0
1989,3050,31,0.0
1989,3050,32,0.0
1989,3050,33,0.0
1989,3050,34,0.0
1989,3050,35,0.0
1989,3050,36,0.0
1989,3050,37,0.0
1989,3050,38,0.0
1989,3050,39,0.0
1989,3050,40,0.0
1989,3050,41,0.0
1989,3050,42,0.0
1989,3050,43,0.0
1993,3050,0,0.0
1993,3050,1,0.0
1993,3050,2,0.0
1993,3050,3,0.0
1993,3050,4,0.0
1993,3050,5,0.0
1993,3050,6,0.0
1993,3050,7,0.0
1993,3050,8,0.0
1993,3050,9,0.0
1993,3050,10,0.0
1993,3050,11,0.0
1993,3050,12,0.0
1993,3050,13,0.0
1993,3050,14,0.0
1993,3050,15,0.0
1993,3050,16,0.0
1993,3050,17,0.0
1993,3050,18,0.0
1993,3050,19,0.0
1993,3050,20,0.0
1993,3050,21,0.0
1993,3050,22,0.0
1993,3050,23,0.0
1993,3050,24,0.0
1993,3050,25,0.0
1993,3050,26,0.0
1993,3050,27,0.0
1993,3050,28,0.0
1993,3050,29,0.0
1993,3050,30,0.0
1993,3050,31,0.0
1993,3050,32,0.0
1993,3050,33,0.0
1993,3050,34,0.0
1993,3050,35,0.0
1993,3050,36,0.0
1993,3050,37,0.0
1993,3050,38,0.0
1993,3050,39,0.0
1993,3050,40,0.0
1993,3050,41,0.0
1993,3050,42,0.0
1993,3050,43,0.0
1997,3050,0,0.0
1997,3050,1,0.0
1997,3050,2,0.0
1997,3050,3,0.0
1997,3050,4,0.0
1997,3050,5,0.0
1997,3050,6,0.0
1997,3050,7,0.0
1997,3050,8,0.0
1997,3050,9,0.0
1997,3050,10,0.0
1997,3050,11,0.0
1997,3050,12,0.0
1997,3050,13,0.0
1997,3050,14,0.0
1997,3050,15,0.0
1997,3050,16,0.0
1997,3050,17,0.0
1997,3050,18,0.0
1997,3050,19,0.0
1997,3050,20,0.0
1997,3050,21,0.0
1997,3050,22,0.0
1997,3050,23,0.0
1997,3050,24,0.0
1997,3050,25,0.0
1997,3050,26,0.0
1997,3050,27,0.0
1997,3050,28,0.0
1997,3050,29,0.0
1997,3050,30,0.0
1997,3050,31,0.0
1997,3050,32,0.0
1997,3050,33,0.0
1997,3050,34,0.0
1997,3050,35,0.0
1997,3050,36,0.0
1997,3050,37,0.0
1997,3050,38,0.0
1997,3050,39,0.0
1997,3050,40,0.0
1997,3050,41,0.0
1997,3050,42,0.0
1997,3050,43,0.0
2001,3035,0,0.0
2001,3035,1,0.0
2001,3035,2,0.0
2001,3035,3,0.0
2001,3035,4,0.0
2001,3035,5,0.0
2001,3035,6,0.0
2001,3035,7,0.0
2001,3035,8,0.0
2001,3035,9,0.0
2001,3035,10,0.0
2001,3035,11,0.0
2001,3035,12,0.0
2001,3035,13,0.0
2001,3035,14,0.0
2001,3035,15,0.0
2001,3035,16,0.0
2001,3035,17,0.0
2001,3035,18,0.0
2001,3035,19,0.0
2001,3035,20,0.0
2001,3035,21,0.0
2001,3035,22,0.0
2001,3035,23,0.0
2001,3035,24,0.0
2001,3035,25,0.0
2001,3035,26,0.0
2001,3035,27,0.0
2001,3035,28,0.0
2001,3035,29,0.0
2001,3035,30,0.0
2001,3035,31,0.0
2001,3035,32,0.0
2001,3035,33,0.0
2001,3035,34,0.0
2001,3035,35,0.0
2001,3035,36,0.0
2001,3035,37,0.0
2001,3035,38,0.0
2001,3035,39,0.0
2001,3035,40,0.0
2001,3035,41,0.0
2001,3035,42,0.0
2001,3035,43,0.0
2003,3035,0,0.0
2003,3035,1,0.0
2003,3035,2,0.0
2003,3035,3,0.0
2003,3035,4,0.0
2003,3035,5,0.0
2003,3035,6,0.0
2003,3035,7,0.0
2003,3035,8,0.0
2003,3035,9,0.0
2003,3035,10,0.0
2003,3035,11,0.0
2003,3035,12,0.0
2003,3035,13,0.0
2003,3035,14,0.0
2003,3035,15,0.0
2003,3035,16,0.0
2003,3035,17,0.0
2003,3035,18,0.0
2003,3035,19,0.0
2003,3035,20,0.0
2003,3035,21,0.0
2003,3035,22,0.0
2003,3035,23,0.0
2003,3035,24,0.0
2003,3035,25,0.0
2003,3035,26,0.0
2003,3035,27,0.0
2003,3035,28,0.0
2003,3035,29,0.0
2003,3035,30,0.0
2003,3035,31,0.0
2003,3035,32,0.0
2003,3035,33,0.0
2003,3035,34,0.0
2003,3035,35,0.0
2003,3035,36,0.0
2003,3035,37,0.0
2003,3035,38,0.0
2003,3035,39,0.0
2003,3035,40,0.0
2003,3035,41,0.0
2003,3035,42,0.0
2003,3035,43,0.0
2004,3035,1,0.0
2004,3035,2,0.0
2004,3035,3,0.0
2004,3035,4,0.0
2004,3035,5,0.0
2004,3035,6,0.0
2004,3035,7,0.0
2004,3035,8,0.0
2004,3035,9,0.0
2004,3035,10,0.0
2004,3035,11,0.0
2004,3035,12,0.0
2004,3035,13,0.0
2004,3035,14,0.0
2004,3035,15,0.0
2004,3035,16,0.0
2004,3035,17,0.0
2004,3035,18,0.0
2004,3035,19,0.0
2004,3035,20,0.0
2004,3035,21,0.0
2004,3035,22,0.0
2004,3035,23,0.0
2004,3035,24,0.0
2004,3035,25,0.0
2004,3035,26,0.0
2004,3035,27,0.0
2004,3035,28,0.0
2004,3035,29,0.0
2004,3035,30,0.0
2004,3035,31,0.0
2004,3035,32,0.0
2004,3035,33,0.0
2004,3035,34,0.0
2004,3035,35,0.0
2004,3035,36,0.0
2004,3035,37,0.0
2004,3035,38,0.0
2004,3035,39,0.0
2004,3035,40,0.0
2004,3035,41,0.0
2004,3035,42,0.0
2004,3035,43,0.0
2004,3035,44,0.0
2005,3035,0,0.0
2005,3035,1,0.0
2005,3035,2,0.0
2005,3035,3,0.0
2005,3035,4,0.0
2005,3035,5,0.0
2005,3035,6,0.0
2005,3035,7,0.0
2005,3035,8,0.0
2005,3035,9,0.0
2005,3035,10,0.0
2005,3035,11,0.0
2005,3035,12,0.0
2005,3035,13,0.0
2005,3035,14,0.0
2005,3035,15,0.0
2005,3035,16,0.0
2005,3035,17,0.0
2005,3035,18,0.0
2005,3035,19,0.0
2005,3035,20,0.0
2005,3035,21,0.0
2005,3035,22,0.0
2005,3035,23,0.0
2005,3035,24,0.0
2005,3035,25,0.0
2005,3035,26,0.0
2005,3035,27,0.0
2005,3035,28,0.0
2005,3035,29,0.0
2005,3035,30,0.0
2005,3035,31,0.0
2005,3035,32,0.0
2005,3035,33,0.0
2005,3035,34,0.0
2005,3035,35,0.0
2005,3035,36,0.0
2005,3035,37,0.0
2005,3035,38,0.0
2005,3035,39,0.0
2005,3035,40,0.0
2005,3035,41,0.0
2005,3035,42,0.0
2005,3035,43,0.0
2012,3035,1,0.0
2012,3035,2,0.0
2012,3035,3,0.0
2012,3035,4,0.0
2012,3035,5,0.0
2012,3035,6,0.0
2012,3035,7,0.0
2012,3035,8,0.0
2012,3035,9,0.0
2012,3035,10,0.0
2012,3035,11,0.0
2012,3035,12,0.0
2012,3035,13,0.0
2012,3035,14,0.0
2012,3035,15,0.0
2012,3035,16,0.0
2012,3035,17,0.0
2012,3035,18,0.0
2012,3035,19,0.0
2012,3035,20,0.0
2012,3035,21,0.0
2012,3035,22,0.0
2012,3035,23,0.0
2012,3035,24,0.0
2012,3035,25,0.0
2012,3035,26,0.0
2012,3035,27,0.0
2012,3035,28,0.0
2012,3035,29,0.0
2012,3035,30,0.0
2012,3035,31,0.0
2012,3035,32,0.0
2012,3035,33,0.0
2012,3035,34,0.0
2012,3035,35,0.0
2012,3035,36,0.0
2012,3035,37,0.0
2012,3035,38,0.0
2012,3035,39,0.0
2012,3035,40,0.0
2012,3035,41,0.0
2012,3035,42,0.0
2012,3035,43,0.0
2012,3035,44,0.0
2013,3035,0,0.0
2013,3035,1,0.0
2013,3035,2,0.0
2013,3035,3,0.0
2013,3035,4,0.0
2013,3035,5,0.0
2013,3035,6,0.0
2013,3035,7,0.0
2013,3035,8,0.0
2013,3035,9,0.0
2013,3035,10,0.0
2013,3035,11,0.0
2013,3035,12,0.0
2013,3035,13,0.0
2013,3035,14,0.0
2013,3035,15,0.0
2013,3035,16,0.0
2013,3035,17,0.0
2013,3035,18,0.0
2013,3035,19,0.0
2013,3035,20,0.0
2013,3035,21,0.0
2013,3035,22,0.0
2013,3035,23,0.0
2013,3035,24,0.0
2013,3035,25,1.0
2013,3035,26,0.0
2013,3035,27,0.0
2013,3035,28,0.0
2013,3035,29,0.0
2013,3035,30,0.0
2013,3035,31,0.0
2013,3035,32,0.0
2013,3035,33,0.0
2013,3035,34,0.0
2013,3035,35,0.0
2013,3035,36,0.0
2013,3035,37,0.0
2013,3035,38,0.0
2013,3035,39,0.0
2013,3035,40,0.0
2013,3035,41,0.0
2013,3035,42,0.0
2013,3035,43,0.0
1989,3035,0,0.0
1989,3035,1,0.0
1989,3035,2,0.0
1989,3035,3,0.0
1989,3035,4,0.0
1989,3035,5,0.0
1989,3035,6,0.0
1989,3035,7,0.0
1989,3035,8,0.0
1989,3035,9,0.0
1989,3035,10,0.0
1989,3035,11,0.0
1989,3035,12,0.0
1989,3035,13,0.0
1989,3035,14,0.0
1989,3035,15,0.0
1989,3035,16,0.0
1989,3035,17,0.0
1989,3035,18,0.0
1989,3035,19,0.0
1989,3035,20,0.0
1989,3035,21,0.0
1989,3035,22,0.0
1989,3035,23,0.0
1989,3035,24,0.0
1989,3035,25,0.0
1989,3035,26,0.0
1989,3035,27,0.0
1989,3035,28,0.0
1989,3035,29,0.0
1989,3035,30,0.0
1989,3035,31,0.0
1989,3035,32,0.0
1989,3035,33,0.0
1989,3035,34,0.0
1989,3035,35,0.0
1989,3035,36,0.0
1989,3035,37,0.0
1989,3035,38,0.0
1989,3035,39,0.0
1989,3035,40,0.0
1989,3035,41,0.0
1989,3035,42,0.0
1989,3035,43,0.0
1993,3035,0,0.0
1993,3035,1,0.0
1993,3035,2,0.0
1993,3035,3,0.0
1993,3035,4,0.0
1993,3035,5,0.0
1993,3035,6,0.0
1993,3035,7,0.0
1993,3035,8,0.0
1993,3035,9,0.0
1993,3035,10,0.0
1993,3035,11,0.0
1993,3035,12,0.0
1993,3035,13,0.0
1993,3035,14,0.0
1993,3035,15,0.0
1993,3035,16,0.0
1993,3035,17,0.0
1993,3035,18,0.0
1993,3035,19,0.0
1993,3035,20,0.0
1993,3035,21,0.0
1993,3035,22,0.0
1993,3035,23,0.0
1993,3035,24,0.0
1993,3035,25,0.0
1993,3035,26,0.0
1993,3035,27,0.0
1993,3035,28,0.0
1993,3035,29,0.0
1993,3035,30,0.0
1993,3035,31,0.0
1993,3035,32,0.0
1993,3035,33,0.0
1993,3035,34,0.0
1993,3035,35,0.0
1993,3035,36,0.0
1993,3035,37,0.0
1993,3035,38,0.0
1993,3035,39,0.0
1993,3035,40,0.0
1993,3035,41,0.0
1993,3035,42,0.0
1993,3035,43,0.0
1997,3035,0,0.0
1997,3035,1,0.0
1997,3035,2,0.0
1997,3035,3,0.0
1997,3035,4,0.0
1997,3035,5,0.0
1997,3035,6,0.0
1997,3035,7,0.0
1997,3035,8,0.0
1997,3035,9,0.0
1997,3035,10,0.0
1997,3035,11,0.0
1997,3035,12,0.0
1997,3035,13,0.0
1997,3035,14,0.0
1997,3035,15,0.0
1997,3035,16,0.0
1997,3035,17,0.0
1997,3035,18,0.0
1997,3035,19,0.0
1997,3035,20,0.0
1997,3035,21,0.0
1997,3035,22,0.0
1997,3035,23,0.0
1997,3035,24,0.0
1997,3035,25,0.0
1997,3035,26,0.0
1997,3035,27,0.0
1997,3035,28,0.0
1997,3035,29,0.0
1997,3035,30,0.0
1997,3035,31,0.0
1997,3035,32,0.0
1997,3035,33,0.0
1997,3035,34,0.0
1997,3035,35,0.0
1997,3035,36,0.0
1997,3035,37,0.0
1997,3035,38,0.0
1997,3035,39,0.0
1997,3035,40,0.0
1997,3035,41,0.0
1997,3035,42,0.0
1997,3035,43,0.0
2001,3027,0,0.0
2001,3027,1,0.0
2001,3027,2,0.0
2001,3027,3,0.0
2001,3027,4,0.0
2001,3027,5,0.0
2001,3027,6,0.0
2001,3027,7,0.0
2001,3027,8,0.0
2001,3027,9,0.0
2001,3027,10,0.0
2001,3027,11,0.0
2001,3027,12,0.0
2001,3027,13,0.0
2001,3027,14,0.0
2001,3027,15,0.0
2001,3027,16,0.0
2001,3027,17,0.0
2001,3027,18,0.0
2001,3027,19,0.0
2001,3027,20,0.0
2001,3027,21,0.0
2001,3027,22,0.0
2001,3027,23,0.0
2001,3027,24,0.0
2001,3027,25,0.0
2001,3027,26,0.0
2001,3027,27,0.0
2001,3027,28,0.0
2001,3027,29,0.0
2001,3027,30,0.0
2001,3027,31,0.0
2001,3027,32,0.0
2001,3027,33,0.0
2001,3027,34,0.0
2001,3027,35,0.0
2001,3027,36,0.0
2001,3027,37,0.0
2001,3027,38,0.0
2001,3027,39,0.0
2001,3027,40,0.0
2001,3027,41,0.0
2001,3027,42,0.0
2001,3027,43,0.0
2003,3027,0,0.0
2003,3027,1,0.0
2003,3027,2,0.0
2003,3027,3,0.0
2003,3027,4,0.0
2003,3027,5,0.0
2003,3027,6,0.0
2003,3027,7,0.0
2003,3027,8,0.0
2003,3027,9,0.0
2003,3027,10,0.0
2003,3027,11,0.0
2003,3027,12,0.0
2003,3027,13,0.0
2003,3027,14,0.0
2003,3027,15,0.0
2003,3027,16,0.0
2003,3027,17,0.0
2003,3027,18,0.0
2003,3027,19,0.0
2003,3027,20,0.0
2003,3027,21,0.0
2003,3027,22,0.0
2003,3027,23,0.0
2003,3027,24,0.0
2003,3027,25,0.0
2003,3027,26,0.0
2003,3027,27,0.0
2003,3027,28,0.0
2003,3027,29,0.0
2003,3027,30,0.0
2003,3027,31,0.0
2003,3027,32,0.0
2003,3027,33,0.0
2003,3027,34,0.0
2003,3027,35,0.0
2003,3027,36,0.0
2003,3027,37,0.0
2003,3027,38,0.0
2003,3027,39,0.0
2003,3027,40,0.0
2003,3027,41,0.0
2003,3027,42,0.0
2003,3027,43,0.0
2004,3027,1,0.0
2004,3027,2,0.0
2004,3027,3,0.0
2004,3027,4,0.0
2004,3027,5,0.0
2004,3027,6,0.0
2004,3027,7,0.0
2004,3027,8,0.0
2004,3027,9,0.0
2004,3027,10,0.0
2004,3027,11,0.0
2004,3027,12,0.0
2004,3027,13,0.0
2004,3027,14,0.0
2004,3027,15,0.0
2004,3027,16,0.0
2004,3027,17,0.0
2004,3027,18,0.0
2004,3027,19,0.0
2004,3027,20,0.0
2004,3027,21,0.0
2004,3027,22,0.0
2004,3027,23,0.0
2004,3027,24,0.0
2004,3027,25,0.0
2004,3027,26,0.0
2004,3027,27,0.0
2004,3027,28,0.0
2004,3027,29,0.0
2004,3027,30,0.0
2004,3027,31,0.0
2004,3027,32,0.0
2004,3027,33,0.0
2004,3027,34,0.0
2004,3027,35,0.0
2004,3027,36,0.0
2004,3027,37,0.0
2004,3027,38,0.0
2004,3027,39,0.0
2004,3027,40,0.0
2004,3027,41,0.0
2004,3027,42,0.0
2004,3027,43,0.0
2004,3027,44,0.0
2005,3027,0,0.0
2005,3027,1,0.0
2005,3027,2,0.0
2005,3027,3,0.0
2005,3027,4,0.0
2005,3027,5,0.0
2005,3027,6,0.0
2005,3027,7,0.0
2005,3027,8,0.0
2005,3027,9,0.0
2005,3027,10,0.0
2005,3027,11,0.0
2005,3027,12,0.0
2005,3027,13,0.0
2005,3027,14,0.0
2005,3027,15,0.0
2005,3027,16,0.0
2005,3027,17,0.0
2005,3027,18,0.0
2005,3027,19,0.0
2005,3027,20,0.0
2005,3027,21,0.0
2005,3027,22,0.0
2005,3027,23,0.0
2005,3027,24,0.0
2005,3027,25,0.0
2005,3027,26,0.0
2005,3027,27,0.0
2005,3027,28,0.0
2005,3027,29,0.0
2005,3027,30,0.0
2005,3027,31,0.0
2005,3027,32,0.0
2005,3027,33,0.0
2005,3027,34,0.0
2005,3027,35,0.0
2005,3027,36,0.0
2005,3027,37,0.0
2005,3027,38,0.0
2005,3027,39,0.0
2005,3027,40,0.0
2005,3027,41,0.0
2005,3027,42,0.0
2005,3027,43,0.0
2012,3027,1,0.0
2012,3027,2,0.0
2012,3027,3,0.0
2012,3027,4,0.0
2012,3027,5,0.0
2012,3027,6,0.0
2012,3027,7,0.0
2012,3027,8,0.0
2012,3027,9,0.0
2012,3027,10,0.0
2012,3027,11,0.0
2012,3027,12,0.0
2012,3027,13,0.0
2012,3027,14,0.0
2012,3027,15,0.0
2012,3027,16,0.0
2012,3027,17,0.0
2012,3027,18,0.0
2012,3027,19,0.0
2012,3027,20,0.0
2012,3027,21,0.0
2012,3027,22,0.0
2012,3027,23,0.0
2012,3027,24,0.0
2012,3027,25,0.0
2012,3027,26,0.0
2012,3027,27,0.0
2012,3027,28,0.0
2012,3027,29,0.0
2012,3027,30,0.0
2012,3027,31,0.0
2012,3027,32,0.0
2012,3027,33,0.0
2012,3027,34,0.0
2012,3027,35,0.0
2012,3027,36,0.0
2012,3027,37,0.0
2012,3027,38,0.0
2012,3027,39,0.0
2012,3027,40,0.0
2012,3027,41,0.0
2012,3027,42,0.0
2012,3027,43,0.0
2012,3027,44,0.0
2013,3027,0,0.0
2013,3027,1,0.0
2013,3027,2,0.0
2013,3027,3,0.0
2013,3027,4,0.0
2013,3027,5,0.0
2013,3027,6,0.0
2013,3027,7,0.0
2013,3027,8,0.0
2013,3027,9,0.0
2013,3027,10,0.0
2013,3027,11,0.0
2013,3027,12,0.0
2013,3027,13,0.0
2013,3027,14,0.0
2013,3027,15,0.0
2013,3027,16,0.0
2013,3027,17,0.0
2013,3027,18,0.0
2013,3027,19,0.0
2013,3027,20,0.0
2013,3027,21,0.0
2013,3027,22,0.0
2013,3027,23,0.0
2013,3027,24,0.0
2013,3027,25,0.0
2013,3027,26,0.0
2013,3027,27,0.0
2013,3027,28,0.0
2013,3027,29,0.0
2013,3027,30,0.0
2013,3027,31,0.0
2013,3027,32,0.0
2013,3027,33,0.0
2013,3027,34,0.0
2013,3027,35,0.0
2013,3027,36,0.0
2013,3027,37,0.0
2013,3027,38,0.0
2013,3027,39,0.0
2013,3027,40,0.0
2013,3027,41,0.0
2013,3027,42,0.0
2013,3027,43,0.0
1989,3027,0,0.0
1989,3027,1,0.0
1989,3027,2,0.0
1989,3027,3,0.0
1989,3027,4,0.0
1989,3027,5,0.0
1989,3027,6,0.0
1989,3027,7,0.0
1989,3027,8,0.0
1989,3027,9,0.0
1989,3027,10,0.0
1989,3027,11,0.0
1989,3027,12,0.0
1989,3027,13,0.0
1989,3027,14,0.0
1989,3027,15,0.0
1989,3027,16,0.0
1989,3027,17,0.0
1989,3027,18,0.0
1989,3027,19,0.0
1989,3027,20,0.0
1989,3027,21,0.0
1989,3027,22,0.0
1989,3027,23,0.0
1989,3027,24,0.0
1989,3027,25,0.0
1989,3027,26,0.0
1989,3027,27,0.0
1989,3027,28,0.0
1989,3027,29,0.0
1989,3027,30,0.0
1989,3027,31,0.0
1989,3027,32,0.0
1989,3027,33,0.0
1989,3027,34,0.0
1989,3027,35,0.0
1989,3027,36,0.0
1989,3027,37,0.0
1989,3027,38,0.0
1989,3027,39,0.0
1989,3027,40,0.0
1989,3027,41,0.0
1989,3027,42,0.0
1989,3027,43,0.0
1993,3027,0,0.0
1993,3027,1,0.0
1993,3027,2,0.0
1993,3027,3,0.0
1993,3027,4,0.0
1993,3027,5,0.0
1993,3027,6,0.0
1993,3027,7,0.0
1993,3027,8,0.0
1993,3027,9,0.0
1993,3027,10,0.0
1993,3027,11,0.0
1993,3027,12,0.0
1993,3027,13,0.0
1993,3027,14,0.0
1993,3027,15,0.0
1993,3027,16,0.0
1993,3027,17,0.0
1993,3027,18,0.0
1993,3027,19,0.0
1993,3027,20,0.0
1993,3027,21,0.0
1993,3027,22,0.0
1993,3027,23,0.0
1993,3027,24,0.0
1993,3027,25,0.0
1993,3027,26,0.0
1993,3027,27,0.0
1993,3027,28,0.0
1993,3027,29,0.0
1993,3027,30,0.0
1993,3027,31,0.0
1993,3027,32,0.0
1993,3027,33,0.0
1993,3027,34,0.0
1993,3027,35,0.0
1993,3027,36,0.0
1993,3027,37,0.0
1993,3027,38,0.0
1993,3027,39,0.0
1993,3027,40,0.0
1993,3027,41,0.0
1993,3027,42,0.0
1993,3027,43,0.0
1997,3027,0,0.0
1997,3027,1,0.0
1997,3027,2,0.0
1997,3027,3,0.0
1997,3027,4,0.0
1997,3027,5,0.0
1997,3027,6,0.0
1997,3027,7,0.0
1997,3027,8,0.0
1997,3027,9,0.0
1997,3027,10,0.0
1997,3027,11,0.0
1997,3027,12,0.0
1997,3027,13,0.0
1997,3027,14,0.0
1997,3027,15,0.0
1997,3027,16,0.0
1997,3027,17,0.0
1997,3027,18,0.0
1997,3027,19,0.0
1997,3027,20,0.0
1997,3027,21,0.0
1997,3027,22,0.0
1997,3027,23,0.0
1997,3027,24,0.0
1997,3027,25,0.0
1997,3027,26,0.0
1997,3027,27,0.0
1997,3027,28,0.0
1997,3027,29,0.0
1997,3027,30,0.0
1997,3027,31,0.0
1997,3027,32,0.0
1997,3027,33,0.0
1997,3027,34,0.0
1997,3027,35,0.0
1997,3027,36,0.0
1997,3027,37,0.0
1997,3027,38,0.0
1997,3027,39,0.0
1997,3027,40,0.0
1997,3027,41,0.0
1997,3027,42,0.0
1997,3027,43,0.0
